file,line,type,commit,author,date,time,timezone,datetime,depth,length
style.css,1,css,88b8e625,JayManjrekar0827,2026-04-04,21:58:26,-07:00,2026-04-04T21:58:26-07:00,0,5
style.css,2,css,c490993d,JayManjrekar0827,2026-04-11,20:44:00,-07:00,2026-04-11T20:44:00-07:00,1,31
style.css,3,css,88b8e625,JayManjrekar0827,2026-04-04,21:58:26,-07:00,2026-04-04T21:58:26-07:00,1,14
style.css,4,css,88b8e625,JayManjrekar0827,2026-04-04,21:58:26,-07:00,2026-04-04T21:58:26-07:00,1,14
style.css,5,css,88b8e625,JayManjrekar0827,2026-04-04,21:58:26,-07:00,2026-04-04T21:58:26-07:00,1,14
style.css,6,css,88b8e625,JayManjrekar0827,2026-04-04,21:58:26,-07:00,2026-04-04T21:58:26-07:00,1,36
style.css,7,css,88b8e625,JayManjrekar0827,2026-04-04,21:58:26,-07:00,2026-04-04T21:58:26-07:00,1,41
style.css,8,css,88b8e625,JayManjrekar0827,2026-04-04,21:58:26,-07:00,2026-04-04T21:58:26-07:00,1,34
style.css,9,css,88b8e625,JayManjrekar0827,2026-04-04,21:58:26,-07:00,2026-04-04T21:58:26-07:00,1,41
style.css,10,css,88b8e625,JayManjrekar0827,2026-04-04,21:58:26,-07:00,2026-04-04T21:58:26-07:00,1,14
style.css,11,css,88b8e625,JayManjrekar0827,2026-04-04,21:58:26,-07:00,2026-04-04T21:58:26-07:00,1,20
style.css,12,css,88b8e625,JayManjrekar0827,2026-04-04,21:58:26,-07:00,2026-04-04T21:58:26-07:00,1,16
style.css,13,css,88b8e625,JayManjrekar0827,2026-04-04,21:58:26,-07:00,2026-04-04T21:58:26-07:00,1,38
style.css,14,css,88b8e625,JayManjrekar0827,2026-04-04,21:58:26,-07:00,2026-04-04T21:58:26-07:00,1,38
style.css,15,css,88b8e625,JayManjrekar0827,2026-04-04,21:58:26,-07:00,2026-04-04T21:58:26-07:00,1,13
style.css,16,css,88b8e625,JayManjrekar0827,2026-04-04,21:58:26,-07:00,2026-04-04T21:58:26-07:00,1,16
style.css,17,css,88b8e625,JayManjrekar0827,2026-04-04,21:58:26,-07:00,2026-04-04T21:58:26-07:00,1,14
style.css,18,css,88b8e625,JayManjrekar0827,2026-04-04,21:58:26,-07:00,2026-04-04T21:58:26-07:00,1,40
style.css,19,css,88b8e625,JayManjrekar0827,2026-04-04,21:58:26,-07:00,2026-04-04T21:58:26-07:00,1,95
style.css,20,css,88b8e625,JayManjrekar0827,2026-04-04,21:58:26,-07:00,2026-04-04T21:58:26-07:00,0,0
style.css,21,css,88b8e625,JayManjrekar0827,2026-04-04,21:58:26,-07:00,2026-04-04T21:58:26-07:00,0,0
style.css,22,css,88b8e625,JayManjrekar0827,2026-04-04,21:58:26,-07:00,2026-04-04T21:58:26-07:00,0,0
style.css,23,css,88b8e625,JayManjrekar0827,2026-04-04,21:58:26,-07:00,2026-04-04T21:58:26-07:00,0,8
style.css,24,css,88b8e625,JayManjrekar0827,2026-04-04,21:58:26,-07:00,2026-04-04T21:58:26-07:00,0,8
style.css,25,css,88b8e625,JayManjrekar0827,2026-04-04,21:58:26,-07:00,2026-04-04T21:58:26-07:00,1,21
style.css,26,css,88b8e625,JayManjrekar0827,2026-04-04,21:58:26,-07:00,2026-04-04T21:58:26-07:00,0,0
style.css,27,css,88b8e625,JayManjrekar0827,2026-04-04,21:58:26,-07:00,2026-04-04T21:58:26-07:00,0,0
style.css,28,css,88b8e625,JayManjrekar0827,2026-04-04,21:58:26,-07:00,2026-04-04T21:58:26-07:00,0,4
style.css,29,css,051c13e7,JayManjrekar0827,2026-04-17,22:50:50,-07:00,2026-04-17T22:50:50-07:00,1,23
style.css,30,css,c490993d,JayManjrekar0827,2026-04-11,20:44:00,-07:00,2026-04-11T20:44:00-07:00,1,32
style.css,31,css,88b8e625,JayManjrekar0827,2026-04-04,21:58:26,-07:00,2026-04-04T21:58:26-07:00,1,22
style.css,32,css,88b8e625,JayManjrekar0827,2026-04-04,21:58:26,-07:00,2026-04-04T21:58:26-07:00,0,0
style.css,33,css,88b8e625,JayManjrekar0827,2026-04-04,21:58:26,-07:00,2026-04-04T21:58:26-07:00,0,0
style.css,34,css,c490993d,JayManjrekar0827,2026-04-11,20:44:00,-07:00,2026-04-11T20:44:00-07:00,0,1
style.css,35,css,c490993d,JayManjrekar0827,2026-04-11,20:44:00,-07:00,2026-04-11T20:44:00-07:00,0,1
style.css,36,css,c490993d,JayManjrekar0827,2026-04-11,20:44:00,-07:00,2026-04-11T20:44:00-07:00,0,1
style.css,37,css,c490993d,JayManjrekar0827,2026-04-11,20:44:00,-07:00,2026-04-11T20:44:00-07:00,0,1
style.css,38,css,c490993d,JayManjrekar0827,2026-04-11,20:44:00,-07:00,2026-04-11T20:44:00-07:00,0,1
style.css,39,css,c490993d,JayManjrekar0827,2026-04-11,20:44:00,-07:00,2026-04-11T20:44:00-07:00,0,2
style.css,40,css,c490993d,JayManjrekar0827,2026-04-11,20:44:00,-07:00,2026-04-11T20:44:00-07:00,1,15
style.css,41,css,c490993d,JayManjrekar0827,2026-04-11,20:44:00,-07:00,2026-04-11T20:44:00-07:00,1,17
style.css,42,css,c490993d,JayManjrekar0827,2026-04-11,20:44:00,-07:00,2026-04-11T20:44:00-07:00,0,0
style.css,43,css,c490993d,JayManjrekar0827,2026-04-11,20:44:00,-07:00,2026-04-11T20:44:00-07:00,0,0
style.css,44,css,88b8e625,JayManjrekar0827,2026-04-04,21:58:26,-07:00,2026-04-04T21:58:26-07:00,0,39
style.css,45,css,88b8e625,JayManjrekar0827,2026-04-04,21:58:26,-07:00,2026-04-04T21:58:26-07:00,1,4
style.css,46,css,88b8e625,JayManjrekar0827,2026-04-04,21:58:26,-07:00,2026-04-04T21:58:26-07:00,2,20
style.css,47,css,88b8e625,JayManjrekar0827,2026-04-04,21:58:26,-07:00,2026-04-04T21:58:26-07:00,1,0
style.css,48,css,88b8e625,JayManjrekar0827,2026-04-04,21:58:26,-07:00,2026-04-04T21:58:26-07:00,0,0
style.css,49,css,88b8e625,JayManjrekar0827,2026-04-04,21:58:26,-07:00,2026-04-04T21:58:26-07:00,1,0
style.css,50,css,88b8e625,JayManjrekar0827,2026-04-04,21:58:26,-07:00,2026-04-04T21:58:26-07:00,1,8
style.css,51,css,88b8e625,JayManjrekar0827,2026-04-04,21:58:26,-07:00,2026-04-04T21:58:26-07:00,1,8
style.css,52,css,88b8e625,JayManjrekar0827,2026-04-04,21:58:26,-07:00,2026-04-04T21:58:26-07:00,2,37
style.css,53,css,88b8e625,JayManjrekar0827,2026-04-04,21:58:26,-07:00,2026-04-04T21:58:26-07:00,2,36
style.css,54,css,88b8e625,JayManjrekar0827,2026-04-04,21:58:26,-07:00,2026-04-04T21:58:26-07:00,1,0
style.css,55,css,145b8316,JayManjrekar0827,2026-04-11,21:13:32,-07:00,2026-04-11T21:13:32-07:00,0,0
style.css,56,css,145b8316,JayManjrekar0827,2026-04-11,21:13:32,-07:00,2026-04-11T21:13:32-07:00,1,27
style.css,57,css,145b8316,JayManjrekar0827,2026-04-11,21:13:32,-07:00,2026-04-11T21:13:32-07:00,2,14
style.css,58,css,145b8316,JayManjrekar0827,2026-04-11,21:13:32,-07:00,2026-04-11T21:13:32-07:00,1,0
style.css,59,css,88b8e625,JayManjrekar0827,2026-04-04,21:58:26,-07:00,2026-04-04T21:58:26-07:00,0,0
style.css,60,css,88b8e625,JayManjrekar0827,2026-04-04,21:58:26,-07:00,2026-04-04T21:58:26-07:00,0,0
style.css,61,css,71cd646,JayManjrekar0827,2026-04-04,17:27:50,-07:00,2026-04-04T17:27:50-07:00,0,4
style.css,62,css,051c13e7,JayManjrekar0827,2026-04-17,22:50:50,-07:00,2026-04-17T22:50:50-07:00,1,17
style.css,63,css,88b8e625,JayManjrekar0827,2026-04-04,21:58:26,-07:00,2026-04-04T21:58:26-07:00,1,8
style.css,64,css,88b8e625,JayManjrekar0827,2026-04-04,21:58:26,-07:00,2026-04-04T21:58:26-07:00,1,16
style.css,65,css,c490993d,JayManjrekar0827,2026-04-11,20:44:00,-07:00,2026-04-11T20:44:00-07:00,1,15
style.css,66,css,c490993d,JayManjrekar0827,2026-04-11,20:44:00,-07:00,2026-04-11T20:44:00-07:00,1,18
style.css,67,css,c490993d,JayManjrekar0827,2026-04-11,20:44:00,-07:00,2026-04-11T20:44:00-07:00,1,18
style.css,68,css,88b8e625,JayManjrekar0827,2026-04-04,21:58:26,-07:00,2026-04-04T21:58:26-07:00,1,24
style.css,69,css,88b8e625,JayManjrekar0827,2026-04-04,21:58:26,-07:00,2026-04-04T21:58:26-07:00,1,17
style.css,70,css,88b8e625,JayManjrekar0827,2026-04-04,21:58:26,-07:00,2026-04-04T21:58:26-07:00,1,28
style.css,71,css,88b8e625,JayManjrekar0827,2026-04-04,21:58:26,-07:00,2026-04-04T21:58:26-07:00,1,15
style.css,72,css,88b8e625,JayManjrekar0827,2026-04-04,21:58:26,-07:00,2026-04-04T21:58:26-07:00,2,87
style.css,73,css,88b8e625,JayManjrekar0827,2026-04-04,21:58:26,-07:00,2026-04-04T21:58:26-07:00,2,85
style.css,74,css,88b8e625,JayManjrekar0827,2026-04-04,21:58:26,-07:00,2026-04-04T21:58:26-07:00,2,85
style.css,75,css,88b8e625,JayManjrekar0827,2026-04-04,21:58:26,-07:00,2026-04-04T21:58:26-07:00,2,73
style.css,76,css,88b8e625,JayManjrekar0827,2026-04-04,21:58:26,-07:00,2026-04-04T21:58:26-07:00,1,27
style.css,77,css,88b8e625,JayManjrekar0827,2026-04-04,21:58:26,-07:00,2026-04-04T21:58:26-07:00,1,25
style.css,78,css,88b8e625,JayManjrekar0827,2026-04-04,21:58:26,-07:00,2026-04-04T21:58:26-07:00,1,34
style.css,79,css,88b8e625,JayManjrekar0827,2026-04-04,21:58:26,-07:00,2026-04-04T21:58:26-07:00,0,0
style.css,80,css,88b8e625,JayManjrekar0827,2026-04-04,21:58:26,-07:00,2026-04-04T21:58:26-07:00,0,0
style.css,81,css,88b8e625,JayManjrekar0827,2026-04-04,21:58:26,-07:00,2026-04-04T21:58:26-07:00,0,9
style.css,82,css,051c13e7,JayManjrekar0827,2026-04-17,22:50:50,-07:00,2026-04-17T22:50:50-07:00,1,39
style.css,83,css,88b8e625,JayManjrekar0827,2026-04-04,21:58:26,-07:00,2026-04-04T21:58:26-07:00,1,15
style.css,84,css,88b8e625,JayManjrekar0827,2026-04-04,21:58:26,-07:00,2026-04-04T21:58:26-07:00,1,5
style.css,85,css,88b8e625,JayManjrekar0827,2026-04-04,21:58:26,-07:00,2026-04-04T21:58:26-07:00,1,11
style.css,86,css,88b8e625,JayManjrekar0827,2026-04-04,21:58:26,-07:00,2026-04-04T21:58:26-07:00,1,12
style.css,87,css,88b8e625,JayManjrekar0827,2026-04-04,21:58:26,-07:00,2026-04-04T21:58:26-07:00,1,14
style.css,88,css,76628f2d,JayManjrekar0827,2026-04-11,20:44:30,-07:00,2026-04-11T20:44:30-07:00,1,19
style.css,89,css,76628f2d,JayManjrekar0827,2026-04-11,20:44:30,-07:00,2026-04-11T20:44:30-07:00,1,18
style.css,90,css,051c13e7,JayManjrekar0827,2026-04-17,22:50:50,-07:00,2026-04-17T22:50:50-07:00,1,43
style.css,91,css,76628f2d,JayManjrekar0827,2026-04-11,20:44:30,-07:00,2026-04-11T20:44:30-07:00,1,33
style.css,92,css,76628f2d,JayManjrekar0827,2026-04-11,20:44:30,-07:00,2026-04-11T20:44:30-07:00,1,26
style.css,93,css,76628f2d,JayManjrekar0827,2026-04-11,20:44:30,-07:00,2026-04-11T20:44:30-07:00,1,34
style.css,94,css,76628f2d,JayManjrekar0827,2026-04-11,20:44:30,-07:00,2026-04-11T20:44:30-07:00,0,0
style.css,95,css,76628f2d,JayManjrekar0827,2026-04-11,20:44:30,-07:00,2026-04-11T20:44:30-07:00,0,0
style.css,96,css,76628f2d,JayManjrekar0827,2026-04-11,20:44:30,-07:00,2026-04-11T20:44:30-07:00,0,11
style.css,97,css,76628f2d,JayManjrekar0827,2026-04-11,20:44:30,-07:00,2026-04-11T20:44:30-07:00,0,12
style.css,98,css,76628f2d,JayManjrekar0827,2026-04-11,20:44:30,-07:00,2026-04-11T20:44:30-07:00,1,16
style.css,99,css,88b8e625,JayManjrekar0827,2026-04-04,21:58:26,-07:00,2026-04-04T21:58:26-07:00,0,0
style.css,100,css,88b8e625,JayManjrekar0827,2026-04-04,21:58:26,-07:00,2026-04-04T21:58:26-07:00,0,0
style.css,101,css,76628f2d,JayManjrekar0827,2026-04-11,20:44:30,-07:00,2026-04-11T20:44:30-07:00,0,20
style.css,102,css,76628f2d,JayManjrekar0827,2026-04-11,20:44:30,-07:00,2026-04-11T20:44:30-07:00,1,13
style.css,103,css,76628f2d,JayManjrekar0827,2026-04-11,20:44:30,-07:00,2026-04-11T20:44:30-07:00,1,17
style.css,104,css,88b8e625,JayManjrekar0827,2026-04-04,21:58:26,-07:00,2026-04-04T21:58:26-07:00,1,15
style.css,105,css,88b8e625,JayManjrekar0827,2026-04-04,21:58:26,-07:00,2026-04-04T21:58:26-07:00,1,17
style.css,106,css,88b8e625,JayManjrekar0827,2026-04-04,21:58:26,-07:00,2026-04-04T21:58:26-07:00,1,22
style.css,107,css,76628f2d,JayManjrekar0827,2026-04-11,20:44:30,-07:00,2026-04-11T20:44:30-07:00,1,13
style.css,108,css,88b8e625,JayManjrekar0827,2026-04-04,21:58:26,-07:00,2026-04-04T21:58:26-07:00,1,20
style.css,109,css,76628f2d,JayManjrekar0827,2026-04-11,20:44:30,-07:00,2026-04-11T20:44:30-07:00,1,28
style.css,110,css,88b8e625,JayManjrekar0827,2026-04-04,21:58:26,-07:00,2026-04-04T21:58:26-07:00,0,0
style.css,111,css,88b8e625,JayManjrekar0827,2026-04-04,21:58:26,-07:00,2026-04-04T21:58:26-07:00,0,0
style.css,112,css,76628f2d,JayManjrekar0827,2026-04-11,20:44:30,-07:00,2026-04-11T20:44:30-07:00,0,26
style.css,113,css,76628f2d,JayManjrekar0827,2026-04-11,20:44:30,-07:00,2026-04-11T20:44:30-07:00,1,25
style.css,114,css,88b8e625,JayManjrekar0827,2026-04-04,21:58:26,-07:00,2026-04-04T21:58:26-07:00,0,0
style.css,115,css,88b8e625,JayManjrekar0827,2026-04-04,21:58:26,-07:00,2026-04-04T21:58:26-07:00,0,0
style.css,116,css,88b8e625,JayManjrekar0827,2026-04-04,21:58:26,-07:00,2026-04-04T21:58:26-07:00,0,27
style.css,117,css,76628f2d,JayManjrekar0827,2026-04-11,20:44:30,-07:00,2026-04-11T20:44:30-07:00,1,6
style.css,118,css,76628f2d,JayManjrekar0827,2026-04-11,20:44:30,-07:00,2026-04-11T20:44:30-07:00,1,12
style.css,119,css,88b8e625,JayManjrekar0827,2026-04-04,21:58:26,-07:00,2026-04-04T21:58:26-07:00,1,18
style.css,120,css,76628f2d,JayManjrekar0827,2026-04-11,20:44:30,-07:00,2026-04-11T20:44:30-07:00,1,22
style.css,121,css,76628f2d,JayManjrekar0827,2026-04-11,20:44:30,-07:00,2026-04-11T20:44:30-07:00,1,17
style.css,122,css,88b8e625,JayManjrekar0827,2026-04-04,21:58:26,-07:00,2026-04-04T21:58:26-07:00,1,20
style.css,123,css,76628f2d,JayManjrekar0827,2026-04-11,20:44:30,-07:00,2026-04-11T20:44:30-07:00,1,13
style.css,124,css,76628f2d,JayManjrekar0827,2026-04-11,20:44:30,-07:00,2026-04-11T20:44:30-07:00,1,13
style.css,125,css,76628f2d,JayManjrekar0827,2026-04-11,20:44:30,-07:00,2026-04-11T20:44:30-07:00,1,37
style.css,126,css,88b8e625,JayManjrekar0827,2026-04-04,21:58:26,-07:00,2026-04-04T21:58:26-07:00,1,9
style.css,127,css,88b8e625,JayManjrekar0827,2026-04-04,21:58:26,-07:00,2026-04-04T21:58:26-07:00,2,22
style.css,128,css,76628f2d,JayManjrekar0827,2026-04-11,20:44:30,-07:00,2026-04-11T20:44:30-07:00,2,26
style.css,129,css,76628f2d,JayManjrekar0827,2026-04-11,20:44:30,-07:00,2026-04-11T20:44:30-07:00,2,15
style.css,130,css,88b8e625,JayManjrekar0827,2026-04-04,21:58:26,-07:00,2026-04-04T21:58:26-07:00,0,0
style.css,131,css,88b8e625,JayManjrekar0827,2026-04-04,21:58:26,-07:00,2026-04-04T21:58:26-07:00,0,0
style.css,132,css,76628f2d,JayManjrekar0827,2026-04-11,20:44:30,-07:00,2026-04-11T20:44:30-07:00,0,51
style.css,133,css,76628f2d,JayManjrekar0827,2026-04-11,20:44:30,-07:00,2026-04-11T20:44:30-07:00,1,11
style.css,134,css,76628f2d,JayManjrekar0827,2026-04-11,20:44:30,-07:00,2026-04-11T20:44:30-07:00,1,16
style.css,135,css,76628f2d,JayManjrekar0827,2026-04-11,20:44:30,-07:00,2026-04-11T20:44:30-07:00,1,12
style.css,136,css,76628f2d,JayManjrekar0827,2026-04-11,20:44:30,-07:00,2026-04-11T20:44:30-07:00,1,17
style.css,137,css,88b8e625,JayManjrekar0827,2026-04-04,21:58:26,-07:00,2026-04-04T21:58:26-07:00,0,0
style.css,138,css,88b8e625,JayManjrekar0827,2026-04-04,21:58:26,-07:00,2026-04-04T21:58:26-07:00,0,0
style.css,139,css,76628f2d,JayManjrekar0827,2026-04-11,20:44:30,-07:00,2026-04-11T20:44:30-07:00,0,33
style.css,140,css,76628f2d,JayManjrekar0827,2026-04-11,20:44:30,-07:00,2026-04-11T20:44:30-07:00,1,39
style.css,141,css,051c13e7,JayManjrekar0827,2026-04-17,22:50:50,-07:00,2026-04-17T22:50:50-07:00,1,69
style.css,142,css,88b8e625,JayManjrekar0827,2026-04-04,21:58:26,-07:00,2026-04-04T21:58:26-07:00,0,0
style.css,143,css,88b8e625,JayManjrekar0827,2026-04-04,21:58:26,-07:00,2026-04-04T21:58:26-07:00,0,0
style.css,144,css,76628f2d,JayManjrekar0827,2026-04-11,20:44:30,-07:00,2026-04-11T20:44:30-07:00,0,35
style.css,145,css,051c13e7,JayManjrekar0827,2026-04-17,22:50:50,-07:00,2026-04-17T22:50:50-07:00,1,45
style.css,146,css,76628f2d,JayManjrekar0827,2026-04-11,20:44:30,-07:00,2026-04-11T20:44:30-07:00,1,20
style.css,147,css,88b8e625,JayManjrekar0827,2026-04-04,21:58:26,-07:00,2026-04-04T21:58:26-07:00,0,0
style.css,148,css,88b8e625,JayManjrekar0827,2026-04-04,21:58:26,-07:00,2026-04-04T21:58:26-07:00,0,0
style.css,149,css,88b8e625,JayManjrekar0827,2026-04-04,21:58:26,-07:00,2026-04-04T21:58:26-07:00,0,5
style.css,150,css,88b8e625,JayManjrekar0827,2026-04-04,21:58:26,-07:00,2026-04-04T21:58:26-07:00,1,63
style.css,151,css,88b8e625,JayManjrekar0827,2026-04-04,21:58:26,-07:00,2026-04-04T21:58:26-07:00,0,0
style.css,152,css,88b8e625,JayManjrekar0827,2026-04-04,21:58:26,-07:00,2026-04-04T21:58:26-07:00,0,0
style.css,153,css,88b8e625,JayManjrekar0827,2026-04-04,21:58:26,-07:00,2026-04-04T21:58:26-07:00,0,10
style.css,154,css,88b8e625,JayManjrekar0827,2026-04-04,21:58:26,-07:00,2026-04-04T21:58:26-07:00,1,17
style.css,155,css,527d3536,JayManjrekar0827,2026-04-11,20:46:09,-07:00,2026-04-11T20:46:09-07:00,1,14
style.css,156,css,88b8e625,JayManjrekar0827,2026-04-04,21:58:26,-07:00,2026-04-04T21:58:26-07:00,1,15
style.css,157,css,88b8e625,JayManjrekar0827,2026-04-04,21:58:26,-07:00,2026-04-04T21:58:26-07:00,1,23
style.css,158,css,88b8e625,JayManjrekar0827,2026-04-04,21:58:26,-07:00,2026-04-04T21:58:26-07:00,1,70
style.css,159,css,88b8e625,JayManjrekar0827,2026-04-04,21:58:26,-07:00,2026-04-04T21:58:26-07:00,1,28
style.css,160,css,88b8e625,JayManjrekar0827,2026-04-04,21:58:26,-07:00,2026-04-04T21:58:26-07:00,1,20
style.css,161,css,88b8e625,JayManjrekar0827,2026-04-04,21:58:26,-07:00,2026-04-04T21:58:26-07:00,1,17
style.css,162,css,88b8e625,JayManjrekar0827,2026-04-04,21:58:26,-07:00,2026-04-04T21:58:26-07:00,0,0
style.css,163,css,88b8e625,JayManjrekar0827,2026-04-04,21:58:26,-07:00,2026-04-04T21:58:26-07:00,0,0
style.css,164,css,88b8e625,JayManjrekar0827,2026-04-04,21:58:26,-07:00,2026-04-04T21:58:26-07:00,0,14
style.css,165,css,88b8e625,JayManjrekar0827,2026-04-04,21:58:26,-07:00,2026-04-04T21:58:26-07:00,1,18
style.css,166,css,88b8e625,JayManjrekar0827,2026-04-04,21:58:26,-07:00,2026-04-04T21:58:26-07:00,0,0
style.css,167,css,88b8e625,JayManjrekar0827,2026-04-04,21:58:26,-07:00,2026-04-04T21:58:26-07:00,0,0
style.css,168,css,88b8e625,JayManjrekar0827,2026-04-04,21:58:26,-07:00,2026-04-04T21:58:26-07:00,0,9
style.css,169,css,88b8e625,JayManjrekar0827,2026-04-04,21:58:26,-07:00,2026-04-04T21:58:26-07:00,1,23
style.css,170,css,88b8e625,JayManjrekar0827,2026-04-04,21:58:26,-07:00,2026-04-04T21:58:26-07:00,1,15
style.css,171,css,88b8e625,JayManjrekar0827,2026-04-04,21:58:26,-07:00,2026-04-04T21:58:26-07:00,0,0
style.css,172,css,88b8e625,JayManjrekar0827,2026-04-04,21:58:26,-07:00,2026-04-04T21:58:26-07:00,0,0
style.css,173,css,88b8e625,JayManjrekar0827,2026-04-04,21:58:26,-07:00,2026-04-04T21:58:26-07:00,0,23
style.css,174,css,76628f2d,JayManjrekar0827,2026-04-11,20:44:30,-07:00,2026-04-11T20:44:30-07:00,1,25
style.css,175,css,88b8e625,JayManjrekar0827,2026-04-04,21:58:26,-07:00,2026-04-04T21:58:26-07:00,1,29
style.css,176,css,88b8e625,JayManjrekar0827,2026-04-04,21:58:26,-07:00,2026-04-04T21:58:26-07:00,1,27
style.css,177,css,88b8e625,JayManjrekar0827,2026-04-04,21:58:26,-07:00,2026-04-04T21:58:26-07:00,0,0
style.css,178,css,88b8e625,JayManjrekar0827,2026-04-04,21:58:26,-07:00,2026-04-04T21:58:26-07:00,0,0
style.css,179,css,88b8e625,JayManjrekar0827,2026-04-04,21:58:26,-07:00,2026-04-04T21:58:26-07:00,0,29
style.css,180,css,88b8e625,JayManjrekar0827,2026-04-04,21:58:26,-07:00,2026-04-04T21:58:26-07:00,1,13
style.css,181,css,88b8e625,JayManjrekar0827,2026-04-04,21:58:26,-07:00,2026-04-04T21:58:26-07:00,0,0
style.css,182,css,88b8e625,JayManjrekar0827,2026-04-04,21:58:26,-07:00,2026-04-04T21:58:26-07:00,0,0
style.css,183,css,527d3536,JayManjrekar0827,2026-04-11,20:46:09,-07:00,2026-04-11T20:46:09-07:00,0,11
style.css,184,css,88b8e625,JayManjrekar0827,2026-04-04,21:58:26,-07:00,2026-04-04T21:58:26-07:00,1,13
style.css,185,css,88b8e625,JayManjrekar0827,2026-04-04,21:58:26,-07:00,2026-04-04T21:58:26-07:00,1,26
style.css,186,css,88b8e625,JayManjrekar0827,2026-04-04,21:58:26,-07:00,2026-04-04T21:58:26-07:00,1,11
style.css,187,css,88b8e625,JayManjrekar0827,2026-04-04,21:58:26,-07:00,2026-04-04T21:58:26-07:00,1,18
style.css,188,css,88b8e625,JayManjrekar0827,2026-04-04,21:58:26,-07:00,2026-04-04T21:58:26-07:00,1,27
style.css,189,css,88b8e625,JayManjrekar0827,2026-04-04,21:58:26,-07:00,2026-04-04T21:58:26-07:00,1,37
style.css,190,css,88b8e625,JayManjrekar0827,2026-04-04,21:58:26,-07:00,2026-04-04T21:58:26-07:00,1,24
style.css,191,css,88b8e625,JayManjrekar0827,2026-04-04,21:58:26,-07:00,2026-04-04T21:58:26-07:00,0,0
style.css,192,css,88b8e625,JayManjrekar0827,2026-04-04,21:58:26,-07:00,2026-04-04T21:58:26-07:00,0,0
style.css,193,css,88b8e625,JayManjrekar0827,2026-04-04,21:58:26,-07:00,2026-04-04T21:58:26-07:00,0,13
style.css,194,css,88b8e625,JayManjrekar0827,2026-04-04,21:58:26,-07:00,2026-04-04T21:58:26-07:00,1,18
style.css,195,css,88b8e625,JayManjrekar0827,2026-04-04,21:58:26,-07:00,2026-04-04T21:58:26-07:00,0,0
style.css,196,css,88b8e625,JayManjrekar0827,2026-04-04,21:58:26,-07:00,2026-04-04T21:58:26-07:00,0,0
style.css,197,css,88b8e625,JayManjrekar0827,2026-04-04,21:58:26,-07:00,2026-04-04T21:58:26-07:00,0,18
style.css,198,css,88b8e625,JayManjrekar0827,2026-04-04,21:58:26,-07:00,2026-04-04T21:58:26-07:00,1,15
style.css,199,css,88b8e625,JayManjrekar0827,2026-04-04,21:58:26,-07:00,2026-04-04T21:58:26-07:00,1,17
style.css,200,css,88b8e625,JayManjrekar0827,2026-04-04,21:58:26,-07:00,2026-04-04T21:58:26-07:00,1,15
style.css,201,css,88b8e625,JayManjrekar0827,2026-04-04,21:58:26,-07:00,2026-04-04T21:58:26-07:00,1,22
style.css,202,css,88b8e625,JayManjrekar0827,2026-04-04,21:58:26,-07:00,2026-04-04T21:58:26-07:00,1,17
style.css,203,css,88b8e625,JayManjrekar0827,2026-04-04,21:58:26,-07:00,2026-04-04T21:58:26-07:00,1,21
style.css,204,css,88b8e625,JayManjrekar0827,2026-04-04,21:58:26,-07:00,2026-04-04T21:58:26-07:00,1,37
style.css,205,css,88b8e625,JayManjrekar0827,2026-04-04,21:58:26,-07:00,2026-04-04T21:58:26-07:00,0,0
style.css,206,css,88b8e625,JayManjrekar0827,2026-04-04,21:58:26,-07:00,2026-04-04T21:58:26-07:00,0,0
style.css,207,css,3bb56f0d,JayManjrekar0827,2026-04-11,20:45:56,-07:00,2026-04-11T20:45:56-07:00,0,21
style.css,208,css,88b8e625,JayManjrekar0827,2026-04-04,21:58:26,-07:00,2026-04-04T21:58:26-07:00,1,21
style.css,209,css,88b8e625,JayManjrekar0827,2026-04-04,21:58:26,-07:00,2026-04-04T21:58:26-07:00,1,31
style.css,210,css,88b8e625,JayManjrekar0827,2026-04-04,21:58:26,-07:00,2026-04-04T21:58:26-07:00,1,25
style.css,211,css,88b8e625,JayManjrekar0827,2026-04-04,21:58:26,-07:00,2026-04-04T21:58:26-07:00,1,30
style.css,212,css,88b8e625,JayManjrekar0827,2026-04-04,21:58:26,-07:00,2026-04-04T21:58:26-07:00,1,27
style.css,213,css,88b8e625,JayManjrekar0827,2026-04-04,21:58:26,-07:00,2026-04-04T21:58:26-07:00,1,40
style.css,214,css,145b8316,JayManjrekar0827,2026-04-11,21:13:32,-07:00,2026-04-11T21:13:32-07:00,1,23
style.css,215,css,145b8316,JayManjrekar0827,2026-04-11,21:13:32,-07:00,2026-04-11T21:13:32-07:00,1,9
style.css,216,css,145b8316,JayManjrekar0827,2026-04-11,21:13:32,-07:00,2026-04-11T21:13:32-07:00,2,19
style.css,217,css,145b8316,JayManjrekar0827,2026-04-11,21:13:32,-07:00,2026-04-11T21:13:32-07:00,2,22
style.css,218,css,145b8316,JayManjrekar0827,2026-04-11,21:13:32,-07:00,2026-04-11T21:13:32-07:00,2,20
style.css,219,css,88b8e625,JayManjrekar0827,2026-04-04,21:58:26,-07:00,2026-04-04T21:58:26-07:00,0,0
style.css,220,css,88b8e625,JayManjrekar0827,2026-04-04,21:58:26,-07:00,2026-04-04T21:58:26-07:00,0,0
style.css,221,css,3bb56f0d,JayManjrekar0827,2026-04-11,20:45:56,-07:00,2026-04-11T20:45:56-07:00,0,27
style.css,222,css,145b8316,JayManjrekar0827,2026-04-11,21:13:32,-07:00,2026-04-11T21:13:32-07:00,1,26
style.css,223,css,88b8e625,JayManjrekar0827,2026-04-04,21:58:26,-07:00,2026-04-04T21:58:26-07:00,1,33
style.css,224,css,145b8316,JayManjrekar0827,2026-04-11,21:13:32,-07:00,2026-04-11T21:13:32-07:00,1,42
style.css,225,css,88b8e625,JayManjrekar0827,2026-04-04,21:58:26,-07:00,2026-04-04T21:58:26-07:00,0,0
style.css,226,css,88b8e625,JayManjrekar0827,2026-04-04,21:58:26,-07:00,2026-04-04T21:58:26-07:00,0,0
style.css,227,css,3bb56f0d,JayManjrekar0827,2026-04-11,20:45:56,-07:00,2026-04-11T20:45:56-07:00,0,30
style.css,228,css,3bb56f0d,JayManjrekar0827,2026-04-11,20:45:56,-07:00,2026-04-11T20:45:56-07:00,0,31
style.css,229,css,88b8e625,JayManjrekar0827,2026-04-04,21:58:26,-07:00,2026-04-04T21:58:26-07:00,1,18
style.css,230,css,88b8e625,JayManjrekar0827,2026-04-04,21:58:26,-07:00,2026-04-04T21:58:26-07:00,1,17
style.css,231,css,88b8e625,JayManjrekar0827,2026-04-04,21:58:26,-07:00,2026-04-04T21:58:26-07:00,1,15
style.css,232,css,88b8e625,JayManjrekar0827,2026-04-04,21:58:26,-07:00,2026-04-04T21:58:26-07:00,1,22
style.css,233,css,88b8e625,JayManjrekar0827,2026-04-04,21:58:26,-07:00,2026-04-04T21:58:26-07:00,1,17
style.css,234,css,88b8e625,JayManjrekar0827,2026-04-04,21:58:26,-07:00,2026-04-04T21:58:26-07:00,0,0
style.css,235,css,88b8e625,JayManjrekar0827,2026-04-04,21:58:26,-07:00,2026-04-04T21:58:26-07:00,0,0
style.css,236,css,3bb56f0d,JayManjrekar0827,2026-04-11,20:45:56,-07:00,2026-04-11T20:45:56-07:00,0,30
style.css,237,css,88b8e625,JayManjrekar0827,2026-04-04,21:58:26,-07:00,2026-04-04T21:58:26-07:00,1,8
style.css,238,css,88b8e625,JayManjrekar0827,2026-04-04,21:58:26,-07:00,2026-04-04T21:58:26-07:00,1,17
style.css,239,css,88b8e625,JayManjrekar0827,2026-04-04,21:58:26,-07:00,2026-04-04T21:58:26-07:00,1,23
style.css,240,css,88b8e625,JayManjrekar0827,2026-04-04,21:58:26,-07:00,2026-04-04T21:58:26-07:00,0,0
style.css,241,css,88b8e625,JayManjrekar0827,2026-04-04,21:58:26,-07:00,2026-04-04T21:58:26-07:00,0,0
style.css,242,css,3bb56f0d,JayManjrekar0827,2026-04-11,20:45:56,-07:00,2026-04-11T20:45:56-07:00,0,25
style.css,243,css,88b8e625,JayManjrekar0827,2026-04-04,21:58:26,-07:00,2026-04-04T21:58:26-07:00,1,18
style.css,244,css,88b8e625,JayManjrekar0827,2026-04-04,21:58:26,-07:00,2026-04-04T21:58:26-07:00,1,23
style.css,245,css,88b8e625,JayManjrekar0827,2026-04-04,21:58:26,-07:00,2026-04-04T21:58:26-07:00,0,0
style.css,246,css,88b8e625,JayManjrekar0827,2026-04-04,21:58:26,-07:00,2026-04-04T21:58:26-07:00,0,0
style.css,247,css,88b8e625,JayManjrekar0827,2026-04-04,21:58:26,-07:00,2026-04-04T21:58:26-07:00,0,17
style.css,248,css,88b8e625,JayManjrekar0827,2026-04-04,21:58:26,-07:00,2026-04-04T21:58:26-07:00,1,8
style.css,249,css,88b8e625,JayManjrekar0827,2026-04-04,21:58:26,-07:00,2026-04-04T21:58:26-07:00,1,23
style.css,250,css,88b8e625,JayManjrekar0827,2026-04-04,21:58:26,-07:00,2026-04-04T21:58:26-07:00,1,16
style.css,251,css,88b8e625,JayManjrekar0827,2026-04-04,21:58:26,-07:00,2026-04-04T21:58:26-07:00,0,0
style.css,252,css,88b8e625,JayManjrekar0827,2026-04-04,21:58:26,-07:00,2026-04-04T21:58:26-07:00,0,0
style.css,253,css,3bb56f0d,JayManjrekar0827,2026-04-11,20:45:56,-07:00,2026-04-11T20:45:56-07:00,0,24
style.css,254,css,88b8e625,JayManjrekar0827,2026-04-04,21:58:26,-07:00,2026-04-04T21:58:26-07:00,1,18
style.css,255,css,88b8e625,JayManjrekar0827,2026-04-04,21:58:26,-07:00,2026-04-04T21:58:26-07:00,1,20
style.css,256,css,88b8e625,JayManjrekar0827,2026-04-04,21:58:26,-07:00,2026-04-04T21:58:26-07:00,1,23
style.css,257,css,88b8e625,JayManjrekar0827,2026-04-04,21:58:26,-07:00,2026-04-04T21:58:26-07:00,0,0
style.css,258,css,88b8e625,JayManjrekar0827,2026-04-04,21:58:26,-07:00,2026-04-04T21:58:26-07:00,0,0
style.css,259,css,3bb56f0d,JayManjrekar0827,2026-04-11,20:45:56,-07:00,2026-04-11T20:45:56-07:00,0,24
style.css,260,css,88b8e625,JayManjrekar0827,2026-04-04,21:58:26,-07:00,2026-04-04T21:58:26-07:00,1,20
style.css,261,css,88b8e625,JayManjrekar0827,2026-04-04,21:58:26,-07:00,2026-04-04T21:58:26-07:00,0,0
style.css,262,css,88b8e625,JayManjrekar0827,2026-04-04,21:58:26,-07:00,2026-04-04T21:58:26-07:00,0,0
style.css,263,css,3bb56f0d,JayManjrekar0827,2026-04-11,20:45:56,-07:00,2026-04-11T20:45:56-07:00,0,32
style.css,264,css,76628f2d,JayManjrekar0827,2026-04-11,20:44:30,-07:00,2026-04-11T20:44:30-07:00,1,25
style.css,265,css,88b8e625,JayManjrekar0827,2026-04-04,21:58:26,-07:00,2026-04-04T21:58:26-07:00,0,0
style.css,266,css,88b8e625,JayManjrekar0827,2026-04-04,21:58:26,-07:00,2026-04-04T21:58:26-07:00,0,0
style.css,267,css,3bb56f0d,JayManjrekar0827,2026-04-11,20:45:56,-07:00,2026-04-11T20:45:56-07:00,0,9
style.css,268,css,3bb56f0d,JayManjrekar0827,2026-04-11,20:45:56,-07:00,2026-04-11T20:45:56-07:00,1,12
style.css,269,css,3bb56f0d,JayManjrekar0827,2026-04-11,20:45:56,-07:00,2026-04-11T20:45:56-07:00,1,58
style.css,270,css,3bb56f0d,JayManjrekar0827,2026-04-11,20:45:56,-07:00,2026-04-11T20:45:56-07:00,1,7
style.css,271,css,3bb56f0d,JayManjrekar0827,2026-04-11,20:45:56,-07:00,2026-04-11T20:45:56-07:00,1,18
style.css,272,css,3bb56f0d,JayManjrekar0827,2026-04-11,20:45:56,-07:00,2026-04-11T20:45:56-07:00,0,0
style.css,273,css,3bb56f0d,JayManjrekar0827,2026-04-11,20:45:56,-07:00,2026-04-11T20:45:56-07:00,0,0
style.css,274,css,3bb56f0d,JayManjrekar0827,2026-04-11,20:45:56,-07:00,2026-04-11T20:45:56-07:00,0,19
style.css,275,css,3bb56f0d,JayManjrekar0827,2026-04-11,20:45:56,-07:00,2026-04-11T20:45:56-07:00,1,12
style.css,276,css,3bb56f0d,JayManjrekar0827,2026-04-11,20:45:56,-07:00,2026-04-11T20:45:56-07:00,1,26
style.css,277,css,3bb56f0d,JayManjrekar0827,2026-04-11,20:45:56,-07:00,2026-04-11T20:45:56-07:00,1,15
style.css,278,css,3bb56f0d,JayManjrekar0827,2026-04-11,20:45:56,-07:00,2026-04-11T20:45:56-07:00,1,10
style.css,279,css,3bb56f0d,JayManjrekar0827,2026-04-11,20:45:56,-07:00,2026-04-11T20:45:56-07:00,1,8
style.css,280,css,3bb56f0d,JayManjrekar0827,2026-04-11,20:45:56,-07:00,2026-04-11T20:45:56-07:00,1,11
style.css,281,css,3bb56f0d,JayManjrekar0827,2026-04-11,20:45:56,-07:00,2026-04-11T20:45:56-07:00,1,25
style.css,282,css,3bb56f0d,JayManjrekar0827,2026-04-11,20:45:56,-07:00,2026-04-11T20:45:56-07:00,1,30
style.css,283,css,3bb56f0d,JayManjrekar0827,2026-04-11,20:45:56,-07:00,2026-04-11T20:45:56-07:00,1,27
style.css,284,css,3bb56f0d,JayManjrekar0827,2026-04-11,20:45:56,-07:00,2026-04-11T20:45:56-07:00,1,40
style.css,285,css,3bb56f0d,JayManjrekar0827,2026-04-11,20:45:56,-07:00,2026-04-11T20:45:56-07:00,0,0
style.css,286,css,3bb56f0d,JayManjrekar0827,2026-04-11,20:45:56,-07:00,2026-04-11T20:45:56-07:00,0,0
style.css,287,css,3bb56f0d,JayManjrekar0827,2026-04-11,20:45:56,-07:00,2026-04-11T20:45:56-07:00,0,22
style.css,288,css,3bb56f0d,JayManjrekar0827,2026-04-11,20:45:56,-07:00,2026-04-11T20:45:56-07:00,1,8
style.css,289,css,3bb56f0d,JayManjrekar0827,2026-04-11,20:45:56,-07:00,2026-04-11T20:45:56-07:00,1,17
style.css,290,css,3bb56f0d,JayManjrekar0827,2026-04-11,20:45:56,-07:00,2026-04-11T20:45:56-07:00,1,15
style.css,291,css,3bb56f0d,JayManjrekar0827,2026-04-11,20:45:56,-07:00,2026-04-11T20:45:56-07:00,1,17
style.css,292,css,3bb56f0d,JayManjrekar0827,2026-04-11,20:45:56,-07:00,2026-04-11T20:45:56-07:00,0,0
style.css,293,css,3bb56f0d,JayManjrekar0827,2026-04-11,20:45:56,-07:00,2026-04-11T20:45:56-07:00,0,0
style.css,294,css,3bb56f0d,JayManjrekar0827,2026-04-11,20:45:56,-07:00,2026-04-11T20:45:56-07:00,0,23
style.css,295,css,3bb56f0d,JayManjrekar0827,2026-04-11,20:45:56,-07:00,2026-04-11T20:45:56-07:00,1,10
style.css,296,css,3bb56f0d,JayManjrekar0827,2026-04-11,20:45:56,-07:00,2026-04-11T20:45:56-07:00,1,11
style.css,297,css,3bb56f0d,JayManjrekar0827,2026-04-11,20:45:56,-07:00,2026-04-11T20:45:56-07:00,1,13
style.css,298,css,3bb56f0d,JayManjrekar0827,2026-04-11,20:45:56,-07:00,2026-04-11T20:45:56-07:00,1,30
style.css,299,css,3bb56f0d,JayManjrekar0827,2026-04-11,20:45:56,-07:00,2026-04-11T20:45:56-07:00,1,37
style.css,300,css,3bb56f0d,JayManjrekar0827,2026-04-11,20:45:56,-07:00,2026-04-11T20:45:56-07:00,1,29
style.css,301,css,3bb56f0d,JayManjrekar0827,2026-04-11,20:45:56,-07:00,2026-04-11T20:45:56-07:00,0,0
style.css,302,css,3bb56f0d,JayManjrekar0827,2026-04-11,20:45:56,-07:00,2026-04-11T20:45:56-07:00,0,0
style.css,303,css,cd352672,JayManjrekar0827,2026-05-01,20:01:27,-07:00,2026-05-01T20:01:27-07:00,0,33
style.css,304,css,cd352672,JayManjrekar0827,2026-05-01,20:01:27,-07:00,2026-05-01T20:01:27-07:00,1,12
style.css,305,css,cd352672,JayManjrekar0827,2026-05-01,20:01:27,-07:00,2026-05-01T20:01:27-07:00,1,21
style.css,306,css,cd352672,JayManjrekar0827,2026-05-01,20:01:27,-07:00,2026-05-01T20:01:27-07:00,1,11
style.css,307,css,cd352672,JayManjrekar0827,2026-05-01,20:01:27,-07:00,2026-05-01T20:01:27-07:00,1,11
style.css,308,css,cd352672,JayManjrekar0827,2026-05-01,20:01:27,-07:00,2026-05-01T20:01:27-07:00,0,0
style.css,309,css,cd352672,JayManjrekar0827,2026-05-01,20:01:27,-07:00,2026-05-01T20:01:27-07:00,0,0
style.css,310,css,cd352672,JayManjrekar0827,2026-05-01,20:01:27,-07:00,2026-05-01T20:01:27-07:00,0,37
style.css,311,css,3bb56f0d,JayManjrekar0827,2026-04-11,20:45:56,-07:00,2026-04-11T20:45:56-07:00,1,8
style.css,312,css,3bb56f0d,JayManjrekar0827,2026-04-11,20:45:56,-07:00,2026-04-11T20:45:56-07:00,1,17
style.css,313,css,3bb56f0d,JayManjrekar0827,2026-04-11,20:45:56,-07:00,2026-04-11T20:45:56-07:00,1,15
style.css,314,css,3bb56f0d,JayManjrekar0827,2026-04-11,20:45:56,-07:00,2026-04-11T20:45:56-07:00,1,23
style.css,315,css,3bb56f0d,JayManjrekar0827,2026-04-11,20:45:56,-07:00,2026-04-11T20:45:56-07:00,0,0
style.css,316,css,3bb56f0d,JayManjrekar0827,2026-04-11,20:45:56,-07:00,2026-04-11T20:45:56-07:00,0,0
style.css,317,css,cd352672,JayManjrekar0827,2026-05-01,20:01:27,-07:00,2026-05-01T20:01:27-07:00,0,33
style.css,318,css,cd352672,JayManjrekar0827,2026-05-01,20:01:27,-07:00,2026-05-01T20:01:27-07:00,1,8
style.css,319,css,cd352672,JayManjrekar0827,2026-05-01,20:01:27,-07:00,2026-05-01T20:01:27-07:00,1,80
style.css,320,css,cd352672,JayManjrekar0827,2026-05-01,20:01:27,-07:00,2026-05-01T20:01:27-07:00,1,34
style.css,321,css,cd352672,JayManjrekar0827,2026-05-01,20:01:27,-07:00,2026-05-01T20:01:27-07:00,1,17
style.css,322,css,cd352672,JayManjrekar0827,2026-05-01,20:01:27,-07:00,2026-05-01T20:01:27-07:00,1,23
style.css,323,css,cd352672,JayManjrekar0827,2026-05-01,20:01:27,-07:00,2026-05-01T20:01:27-07:00,1,11
style.css,324,css,cd352672,JayManjrekar0827,2026-05-01,20:01:27,-07:00,2026-05-01T20:01:27-07:00,0,0
style.css,325,css,cd352672,JayManjrekar0827,2026-05-01,20:01:27,-07:00,2026-05-01T20:01:27-07:00,0,0
style.css,326,css,cd352672,JayManjrekar0827,2026-05-01,20:01:27,-07:00,2026-05-01T20:01:27-07:00,0,13
style.css,327,css,cd352672,JayManjrekar0827,2026-05-01,20:01:27,-07:00,2026-05-01T20:01:27-07:00,1,18
style.css,328,css,cd352672,JayManjrekar0827,2026-05-01,20:01:27,-07:00,2026-05-01T20:01:27-07:00,1,20
style.css,329,css,cd352672,JayManjrekar0827,2026-05-01,20:01:27,-07:00,2026-05-01T20:01:27-07:00,0,0
style.css,330,css,cd352672,JayManjrekar0827,2026-05-01,20:01:27,-07:00,2026-05-01T20:01:27-07:00,0,0
style.css,331,css,cd352672,JayManjrekar0827,2026-05-01,20:01:27,-07:00,2026-05-01T20:01:27-07:00,0,20
style.css,332,css,cd352672,JayManjrekar0827,2026-05-01,20:01:27,-07:00,2026-05-01T20:01:27-07:00,1,12
style.css,333,css,cd352672,JayManjrekar0827,2026-05-01,20:01:27,-07:00,2026-05-01T20:01:27-07:00,1,14
style.css,334,css,cd352672,JayManjrekar0827,2026-05-01,20:01:27,-07:00,2026-05-01T20:01:27-07:00,1,22
style.css,335,css,cd352672,JayManjrekar0827,2026-05-01,20:01:27,-07:00,2026-05-01T20:01:27-07:00,1,19
style.css,336,css,cd352672,JayManjrekar0827,2026-05-01,20:01:27,-07:00,2026-05-01T20:01:27-07:00,0,0
style.css,337,css,cd352672,JayManjrekar0827,2026-05-01,20:01:27,-07:00,2026-05-01T20:01:27-07:00,0,0
style.css,338,css,cd352672,JayManjrekar0827,2026-05-01,20:01:27,-07:00,2026-05-01T20:01:27-07:00,0,18
style.css,339,css,cd352672,JayManjrekar0827,2026-05-01,20:01:27,-07:00,2026-05-01T20:01:27-07:00,1,13
style.css,340,css,cd352672,JayManjrekar0827,2026-05-01,20:01:27,-07:00,2026-05-01T20:01:27-07:00,1,14
style.css,341,css,cd352672,JayManjrekar0827,2026-05-01,20:01:27,-07:00,2026-05-01T20:01:27-07:00,1,21
style.css,342,css,cd352672,JayManjrekar0827,2026-05-01,20:01:27,-07:00,2026-05-01T20:01:27-07:00,1,16
style.css,343,css,cd352672,JayManjrekar0827,2026-05-01,20:01:27,-07:00,2026-05-01T20:01:27-07:00,0,0
style.css,344,css,cd352672,JayManjrekar0827,2026-05-01,20:01:27,-07:00,2026-05-01T20:01:27-07:00,0,0
style.css,345,css,cd352672,JayManjrekar0827,2026-05-01,20:01:27,-07:00,2026-05-01T20:01:27-07:00,0,23
style.css,346,css,cd352672,JayManjrekar0827,2026-05-01,20:01:27,-07:00,2026-05-01T20:01:27-07:00,1,14
style.css,347,css,cd352672,JayManjrekar0827,2026-05-01,20:01:27,-07:00,2026-05-01T20:01:27-07:00,1,9
style.css,348,css,cd352672,JayManjrekar0827,2026-05-01,20:01:27,-07:00,2026-05-01T20:01:27-07:00,2,16
style.css,349,css,cd352672,JayManjrekar0827,2026-05-01,20:01:27,-07:00,2026-05-01T20:01:27-07:00,2,13
style.css,350,css,cd352672,JayManjrekar0827,2026-05-01,20:01:27,-07:00,2026-05-01T20:01:27-07:00,0,0
style.css,351,css,cd352672,JayManjrekar0827,2026-05-01,20:01:27,-07:00,2026-05-01T20:01:27-07:00,0,0
style.css,352,css,cd352672,JayManjrekar0827,2026-05-01,20:01:27,-07:00,2026-05-01T20:01:27-07:00,0,51
style.css,353,css,cd352672,JayManjrekar0827,2026-05-01,20:01:27,-07:00,2026-05-01T20:01:27-07:00,1,11
style.css,354,css,cd352672,JayManjrekar0827,2026-05-01,20:01:27,-07:00,2026-05-01T20:01:27-07:00,0,0
style.css,355,css,cd352672,JayManjrekar0827,2026-05-01,20:01:27,-07:00,2026-05-01T20:01:27-07:00,0,0
style.css,356,css,cd352672,JayManjrekar0827,2026-05-01,20:01:27,-07:00,2026-05-01T20:01:27-07:00,0,18
style.css,357,css,cd352672,JayManjrekar0827,2026-05-01,20:01:27,-07:00,2026-05-01T20:01:27-07:00,1,17
style.css,358,css,cd352672,JayManjrekar0827,2026-05-01,20:01:27,-07:00,2026-05-01T20:01:27-07:00,0,0
style.css,359,css,cd352672,JayManjrekar0827,2026-05-01,20:01:27,-07:00,2026-05-01T20:01:27-07:00,0,0
style.css,360,css,cd352672,JayManjrekar0827,2026-05-01,20:01:27,-07:00,2026-05-01T20:01:27-07:00,0,7
style.css,361,css,cd352672,JayManjrekar0827,2026-05-01,20:01:27,-07:00,2026-05-01T20:01:27-07:00,1,13
style.css,362,css,cd352672,JayManjrekar0827,2026-05-01,20:01:27,-07:00,2026-05-01T20:01:27-07:00,1,15
style.css,363,css,cd352672,JayManjrekar0827,2026-05-01,20:01:27,-07:00,2026-05-01T20:01:27-07:00,1,8
style.css,364,css,cd352672,JayManjrekar0827,2026-05-01,20:01:27,-07:00,2026-05-01T20:01:27-07:00,1,20
style.css,365,css,cd352672,JayManjrekar0827,2026-05-01,20:01:27,-07:00,2026-05-01T20:01:27-07:00,1,30
style.css,366,css,cd352672,JayManjrekar0827,2026-05-01,20:01:27,-07:00,2026-05-01T20:01:27-07:00,1,27
style.css,367,css,cd352672,JayManjrekar0827,2026-05-01,20:01:27,-07:00,2026-05-01T20:01:27-07:00,1,25
style.css,368,css,cd352672,JayManjrekar0827,2026-05-01,20:01:27,-07:00,2026-05-01T20:01:27-07:00,1,12
style.css,369,css,cd352672,JayManjrekar0827,2026-05-01,20:01:27,-07:00,2026-05-01T20:01:27-07:00,1,57
style.css,370,css,cd352672,JayManjrekar0827,2026-05-01,20:01:27,-07:00,2026-05-01T20:01:27-07:00,1,19
style.css,371,css,cd352672,JayManjrekar0827,2026-05-01,20:01:27,-07:00,2026-05-01T20:01:27-07:00,0,0
style.css,372,css,cd352672,JayManjrekar0827,2026-05-01,20:01:27,-07:00,2026-05-01T20:01:27-07:00,0,0
style.css,373,css,cd352672,JayManjrekar0827,2026-05-01,20:01:27,-07:00,2026-05-01T20:01:27-07:00,0,11
style.css,374,css,cd352672,JayManjrekar0827,2026-05-01,20:01:27,-07:00,2026-05-01T20:01:27-07:00,1,12
style.css,375,css,cd352672,JayManjrekar0827,2026-05-01,20:01:27,-07:00,2026-05-01T20:01:27-07:00,1,18
style.css,376,css,cd352672,JayManjrekar0827,2026-05-01,20:01:27,-07:00,2026-05-01T20:01:27-07:00,1,11
style.css,377,css,cd352672,JayManjrekar0827,2026-05-01,20:01:27,-07:00,2026-05-01T20:01:27-07:00,1,17
style.css,378,css,cd352672,JayManjrekar0827,2026-05-01,20:01:27,-07:00,2026-05-01T20:01:27-07:00,1,17
style.css,379,css,cd352672,JayManjrekar0827,2026-05-01,20:01:27,-07:00,2026-05-01T20:01:27-07:00,1,14
style.css,380,css,cd352672,JayManjrekar0827,2026-05-01,20:01:27,-07:00,2026-05-01T20:01:27-07:00,0,0
style.css,381,css,cd352672,JayManjrekar0827,2026-05-01,20:01:27,-07:00,2026-05-01T20:01:27-07:00,0,0
style.css,382,css,cd352672,JayManjrekar0827,2026-05-01,20:01:27,-07:00,2026-05-01T20:01:27-07:00,0,19
style.css,383,css,cd352672,JayManjrekar0827,2026-05-01,20:01:27,-07:00,2026-05-01T20:01:27-07:00,1,12
style.css,384,css,cd352672,JayManjrekar0827,2026-05-01,20:01:27,-07:00,2026-05-01T20:01:27-07:00,1,13
style.css,385,css,cd352672,JayManjrekar0827,2026-05-01,20:01:27,-07:00,2026-05-01T20:01:27-07:00,1,17
style.css,386,css,cd352672,JayManjrekar0827,2026-05-01,20:01:27,-07:00,2026-05-01T20:01:27-07:00,1,23
style.css,387,css,cd352672,JayManjrekar0827,2026-05-01,20:01:27,-07:00,2026-05-01T20:01:27-07:00,1,20
style.css,388,css,cd352672,JayManjrekar0827,2026-05-01,20:01:27,-07:00,2026-05-01T20:01:27-07:00,1,13
style.css,389,css,cd352672,JayManjrekar0827,2026-05-01,20:01:27,-07:00,2026-05-01T20:01:27-07:00,0,0
style.css,390,css,cd352672,JayManjrekar0827,2026-05-01,20:01:27,-07:00,2026-05-01T20:01:27-07:00,0,0
style.css,391,css,cd352672,JayManjrekar0827,2026-05-01,20:01:27,-07:00,2026-05-01T20:01:27-07:00,0,14
style.css,392,css,cd352672,JayManjrekar0827,2026-05-01,20:01:27,-07:00,2026-05-01T20:01:27-07:00,1,17
style.css,393,css,cd352672,JayManjrekar0827,2026-05-01,20:01:27,-07:00,2026-05-01T20:01:27-07:00,1,15
style.css,394,css,cd352672,JayManjrekar0827,2026-05-01,20:01:27,-07:00,2026-05-01T20:01:27-07:00,1,23
style.css,395,css,cd352672,JayManjrekar0827,2026-05-01,20:01:27,-07:00,2026-05-01T20:01:27-07:00,0,0
style.css,396,css,cd352672,JayManjrekar0827,2026-05-01,20:01:27,-07:00,2026-05-01T20:01:27-07:00,0,0
style.css,397,css,cd352672,JayManjrekar0827,2026-05-01,20:01:27,-07:00,2026-05-01T20:01:27-07:00,0,19
style.css,398,css,cd352672,JayManjrekar0827,2026-05-01,20:01:27,-07:00,2026-05-01T20:01:27-07:00,0,9
style.css,399,css,cd352672,JayManjrekar0827,2026-05-01,20:01:27,-07:00,2026-05-01T20:01:27-07:00,1,35
style.css,400,css,cd352672,JayManjrekar0827,2026-05-01,20:01:27,-07:00,2026-05-01T20:01:27-07:00,0,0
style.css,401,css,cd352672,JayManjrekar0827,2026-05-01,20:01:27,-07:00,2026-05-01T20:01:27-07:00,0,0
style.css,402,css,cd352672,JayManjrekar0827,2026-05-01,20:01:27,-07:00,2026-05-01T20:01:27-07:00,0,10
style.css,403,css,cd352672,JayManjrekar0827,2026-05-01,20:01:27,-07:00,2026-05-01T20:01:27-07:00,1,21
style.css,404,css,cd352672,JayManjrekar0827,2026-05-01,20:01:27,-07:00,2026-05-01T20:01:27-07:00,1,10
style.css,405,css,cd352672,JayManjrekar0827,2026-05-01,20:01:27,-07:00,2026-05-01T20:01:27-07:00,1,15
style.css,406,css,cd352672,JayManjrekar0827,2026-05-01,20:01:27,-07:00,2026-05-01T20:01:27-07:00,1,15
style.css,407,css,cd352672,JayManjrekar0827,2026-05-01,20:01:27,-07:00,2026-05-01T20:01:27-07:00,1,23
style.css,408,css,cd352672,JayManjrekar0827,2026-05-01,20:01:27,-07:00,2026-05-01T20:01:27-07:00,1,12
style.css,409,css,cd352672,JayManjrekar0827,2026-05-01,20:01:27,-07:00,2026-05-01T20:01:27-07:00,1,17
style.css,410,css,cd352672,JayManjrekar0827,2026-05-01,20:01:27,-07:00,2026-05-01T20:01:27-07:00,1,17
style.css,411,css,cd352672,JayManjrekar0827,2026-05-01,20:01:27,-07:00,2026-05-01T20:01:27-07:00,1,30
style.css,412,css,cd352672,JayManjrekar0827,2026-05-01,20:01:27,-07:00,2026-05-01T20:01:27-07:00,1,30
style.css,413,css,cd352672,JayManjrekar0827,2026-05-01,20:01:27,-07:00,2026-05-01T20:01:27-07:00,1,30
style.css,414,css,cd352672,JayManjrekar0827,2026-05-01,20:01:27,-07:00,2026-05-01T20:01:27-07:00,0,0
style.css,415,css,cd352672,JayManjrekar0827,2026-05-01,20:01:27,-07:00,2026-05-01T20:01:27-07:00,0,0
style.css,416,css,cd352672,JayManjrekar0827,2026-05-01,20:01:27,-07:00,2026-05-01T20:01:27-07:00,0,16
style.css,417,css,cd352672,JayManjrekar0827,2026-05-01,20:01:27,-07:00,2026-05-01T20:01:27-07:00,1,12
style.css,418,css,cd352672,JayManjrekar0827,2026-05-01,20:01:27,-07:00,2026-05-01T20:01:27-07:00,1,64
style.css,419,css,cd352672,JayManjrekar0827,2026-05-01,20:01:27,-07:00,2026-05-01T20:01:27-07:00,1,78
style.css,420,css,cd352672,JayManjrekar0827,2026-05-01,20:01:27,-07:00,2026-05-01T20:01:27-07:00,0,0
style.css,421,css,cd352672,JayManjrekar0827,2026-05-01,20:01:27,-07:00,2026-05-01T20:01:27-07:00,0,0
style.css,422,css,31c3b8ca,JayManjrekar0827,2026-04-11,20:45:34,-07:00,2026-04-11T20:45:34-07:00,0,13
style.css,423,css,31c3b8ca,JayManjrekar0827,2026-04-11,20:45:34,-07:00,2026-04-11T20:45:34-07:00,1,12
style.css,424,css,31c3b8ca,JayManjrekar0827,2026-04-11,20:45:34,-07:00,2026-04-11T20:45:34-07:00,1,30
style.css,425,css,31c3b8ca,JayManjrekar0827,2026-04-11,20:45:34,-07:00,2026-04-11T20:45:34-07:00,1,7
style.css,426,css,88b8e625,JayManjrekar0827,2026-04-04,21:58:26,-07:00,2026-04-04T21:58:26-07:00,1,17
style.css,427,css,31c3b8ca,JayManjrekar0827,2026-04-11,20:45:34,-07:00,2026-04-11T20:45:34-07:00,1,15
style.css,428,css,88b8e625,JayManjrekar0827,2026-04-04,21:58:26,-07:00,2026-04-04T21:58:26-07:00,0,0
style.css,429,css,88b8e625,JayManjrekar0827,2026-04-04,21:58:26,-07:00,2026-04-04T21:58:26-07:00,0,0
style.css,430,css,31c3b8ca,JayManjrekar0827,2026-04-11,20:45:34,-07:00,2026-04-11T20:45:34-07:00,0,19
style.css,431,css,31c3b8ca,JayManjrekar0827,2026-04-11,20:45:34,-07:00,2026-04-11T20:45:34-07:00,1,12
style.css,432,css,31c3b8ca,JayManjrekar0827,2026-04-11,20:45:34,-07:00,2026-04-11T20:45:34-07:00,1,29
style.css,433,css,31c3b8ca,JayManjrekar0827,2026-04-11,20:45:34,-07:00,2026-04-11T20:45:34-07:00,1,18
style.css,434,css,31c3b8ca,JayManjrekar0827,2026-04-11,20:45:34,-07:00,2026-04-11T20:45:34-07:00,1,18
style.css,435,css,31c3b8ca,JayManjrekar0827,2026-04-11,20:45:34,-07:00,2026-04-11T20:45:34-07:00,1,10
style.css,436,css,31c3b8ca,JayManjrekar0827,2026-04-11,20:45:34,-07:00,2026-04-11T20:45:34-07:00,1,16
style.css,437,css,88b8e625,JayManjrekar0827,2026-04-04,21:58:26,-07:00,2026-04-04T21:58:26-07:00,1,15
style.css,438,css,88b8e625,JayManjrekar0827,2026-04-04,21:58:26,-07:00,2026-04-04T21:58:26-07:00,1,17
style.css,439,css,88b8e625,JayManjrekar0827,2026-04-04,21:58:26,-07:00,2026-04-04T21:58:26-07:00,0,0
style.css,440,css,88b8e625,JayManjrekar0827,2026-04-04,21:58:26,-07:00,2026-04-04T21:58:26-07:00,0,0
style.css,441,css,31c3b8ca,JayManjrekar0827,2026-04-11,20:45:34,-07:00,2026-04-11T20:45:34-07:00,0,24
style.css,442,css,31c3b8ca,JayManjrekar0827,2026-04-11,20:45:34,-07:00,2026-04-11T20:45:34-07:00,1,15
style.css,443,css,31c3b8ca,JayManjrekar0827,2026-04-11,20:45:34,-07:00,2026-04-11T20:45:34-07:00,0,0
style.css,444,css,31c3b8ca,JayManjrekar0827,2026-04-11,20:45:34,-07:00,2026-04-11T20:45:34-07:00,0,0
style.css,445,css,051c13e7,JayManjrekar0827,2026-04-17,22:50:50,-07:00,2026-04-17T22:50:50-07:00,0,13
style.css,446,css,051c13e7,JayManjrekar0827,2026-04-17,22:50:50,-07:00,2026-04-17T22:50:50-07:00,1,17
style.css,447,css,051c13e7,JayManjrekar0827,2026-04-17,22:50:50,-07:00,2026-04-17T22:50:50-07:00,1,8
style.css,448,css,051c13e7,JayManjrekar0827,2026-04-17,22:50:50,-07:00,2026-04-17T22:50:50-07:00,1,10
style.css,449,css,051c13e7,JayManjrekar0827,2026-04-17,22:50:50,-07:00,2026-04-17T22:50:50-07:00,1,11
style.css,450,css,40cc1da7,JayManjrekar0827,2026-04-17,23:02:08,-07:00,2026-04-17T23:02:08-07:00,1,19
style.css,451,css,40cc1da7,JayManjrekar0827,2026-04-17,23:02:08,-07:00,2026-04-17T23:02:08-07:00,1,14
style.css,452,css,40cc1da7,JayManjrekar0827,2026-04-17,23:02:08,-07:00,2026-04-17T23:02:08-07:00,1,18
style.css,453,css,40cc1da7,JayManjrekar0827,2026-04-17,23:02:08,-07:00,2026-04-17T23:02:08-07:00,1,10
style.css,454,css,40cc1da7,JayManjrekar0827,2026-04-17,23:02:08,-07:00,2026-04-17T23:02:08-07:00,1,40
style.css,455,css,40cc1da7,JayManjrekar0827,2026-04-17,23:02:08,-07:00,2026-04-17T23:02:08-07:00,1,23
style.css,456,css,40cc1da7,JayManjrekar0827,2026-04-17,23:02:08,-07:00,2026-04-17T23:02:08-07:00,1,30
style.css,457,css,40cc1da7,JayManjrekar0827,2026-04-17,23:02:08,-07:00,2026-04-17T23:02:08-07:00,1,30
style.css,458,css,051c13e7,JayManjrekar0827,2026-04-17,22:50:50,-07:00,2026-04-17T22:50:50-07:00,1,13
style.css,459,css,051c13e7,JayManjrekar0827,2026-04-17,22:50:50,-07:00,2026-04-17T22:50:50-07:00,0,0
style.css,460,css,051c13e7,JayManjrekar0827,2026-04-17,22:50:50,-07:00,2026-04-17T22:50:50-07:00,0,0
style.css,461,css,051c13e7,JayManjrekar0827,2026-04-17,22:50:50,-07:00,2026-04-17T22:50:50-07:00,0,20
style.css,462,css,40cc1da7,JayManjrekar0827,2026-04-17,23:02:08,-07:00,2026-04-17T23:02:08-07:00,1,13
style.css,463,css,40cc1da7,JayManjrekar0827,2026-04-17,23:02:08,-07:00,2026-04-17T23:02:08-07:00,1,16
style.css,464,css,40cc1da7,JayManjrekar0827,2026-04-17,23:02:08,-07:00,2026-04-17T23:02:08-07:00,1,14
style.css,465,css,051c13e7,JayManjrekar0827,2026-04-17,22:50:50,-07:00,2026-04-17T22:50:50-07:00,1,12
style.css,466,css,051c13e7,JayManjrekar0827,2026-04-17,22:50:50,-07:00,2026-04-17T22:50:50-07:00,0,0
style.css,467,css,051c13e7,JayManjrekar0827,2026-04-17,22:50:50,-07:00,2026-04-17T22:50:50-07:00,0,0
style.css,468,css,31c3b8ca,JayManjrekar0827,2026-04-11,20:45:34,-07:00,2026-04-11T20:45:34-07:00,0,18
style.css,469,css,31c3b8ca,JayManjrekar0827,2026-04-11,20:45:34,-07:00,2026-04-11T20:45:34-07:00,0,22
style.css,470,css,31c3b8ca,JayManjrekar0827,2026-04-11,20:45:34,-07:00,2026-04-11T20:45:34-07:00,1,21
style.css,471,css,88b8e625,JayManjrekar0827,2026-04-04,21:58:26,-07:00,2026-04-04T21:58:26-07:00,1,10
style.css,472,css,31c3b8ca,JayManjrekar0827,2026-04-11,20:45:34,-07:00,2026-04-11T20:45:34-07:00,1,11
style.css,473,css,88b8e625,JayManjrekar0827,2026-04-04,21:58:26,-07:00,2026-04-04T21:58:26-07:00,1,23
style.css,474,css,88b8e625,JayManjrekar0827,2026-04-04,21:58:26,-07:00,2026-04-04T21:58:26-07:00,1,12
style.css,475,css,88b8e625,JayManjrekar0827,2026-04-04,21:58:26,-07:00,2026-04-04T21:58:26-07:00,1,17
style.css,476,css,88b8e625,JayManjrekar0827,2026-04-04,21:58:26,-07:00,2026-04-04T21:58:26-07:00,1,15
style.css,477,css,88b8e625,JayManjrekar0827,2026-04-04,21:58:26,-07:00,2026-04-04T21:58:26-07:00,1,17
style.css,478,css,88b8e625,JayManjrekar0827,2026-04-04,21:58:26,-07:00,2026-04-04T21:58:26-07:00,1,30
style.css,479,css,88b8e625,JayManjrekar0827,2026-04-04,21:58:26,-07:00,2026-04-04T21:58:26-07:00,1,30
style.css,480,css,88b8e625,JayManjrekar0827,2026-04-04,21:58:26,-07:00,2026-04-04T21:58:26-07:00,1,30
style.css,481,css,88b8e625,JayManjrekar0827,2026-04-04,21:58:26,-07:00,2026-04-04T21:58:26-07:00,1,9
style.css,482,css,88b8e625,JayManjrekar0827,2026-04-04,21:58:26,-07:00,2026-04-04T21:58:26-07:00,2,22
style.css,483,css,88b8e625,JayManjrekar0827,2026-04-04,21:58:26,-07:00,2026-04-04T21:58:26-07:00,2,20
style.css,484,css,88b8e625,JayManjrekar0827,2026-04-04,21:58:26,-07:00,2026-04-04T21:58:26-07:00,0,0
style.css,485,css,88b8e625,JayManjrekar0827,2026-04-04,21:58:26,-07:00,2026-04-04T21:58:26-07:00,0,0
style.css,486,css,31c3b8ca,JayManjrekar0827,2026-04-11,20:45:34,-07:00,2026-04-11T20:45:34-07:00,0,31
style.css,487,css,31c3b8ca,JayManjrekar0827,2026-04-11,20:45:34,-07:00,2026-04-11T20:45:34-07:00,0,35
style.css,488,css,88b8e625,JayManjrekar0827,2026-04-04,21:58:26,-07:00,2026-04-04T21:58:26-07:00,1,23
style.css,489,css,88b8e625,JayManjrekar0827,2026-04-04,21:58:26,-07:00,2026-04-04T21:58:26-07:00,1,12
style.css,490,css,88b8e625,JayManjrekar0827,2026-04-04,21:58:26,-07:00,2026-04-04T21:58:26-07:00,0,0
style.css,491,css,88b8e625,JayManjrekar0827,2026-04-04,21:58:26,-07:00,2026-04-04T21:58:26-07:00,0,0
style.css,492,css,31c3b8ca,JayManjrekar0827,2026-04-11,20:45:34,-07:00,2026-04-11T20:45:34-07:00,0,24
style.css,493,css,31c3b8ca,JayManjrekar0827,2026-04-11,20:45:34,-07:00,2026-04-11T20:45:34-07:00,0,28
style.css,494,css,88b8e625,JayManjrekar0827,2026-04-04,21:58:26,-07:00,2026-04-04T21:58:26-07:00,1,33
style.css,495,css,88b8e625,JayManjrekar0827,2026-04-04,21:58:26,-07:00,2026-04-04T21:58:26-07:00,0,0
style.css,496,css,88b8e625,JayManjrekar0827,2026-04-04,21:58:26,-07:00,2026-04-04T21:58:26-07:00,0,0
style.css,497,css,31c3b8ca,JayManjrekar0827,2026-04-11,20:45:34,-07:00,2026-04-11T20:45:34-07:00,0,24
style.css,498,css,31c3b8ca,JayManjrekar0827,2026-04-11,20:45:34,-07:00,2026-04-11T20:45:34-07:00,0,28
style.css,499,css,88b8e625,JayManjrekar0827,2026-04-04,21:58:26,-07:00,2026-04-04T21:58:26-07:00,1,12
style.css,500,css,31c3b8ca,JayManjrekar0827,2026-04-11,20:45:34,-07:00,2026-04-11T20:45:34-07:00,1,64
style.css,501,css,31c3b8ca,JayManjrekar0827,2026-04-11,20:45:34,-07:00,2026-04-11T20:45:34-07:00,1,78
style.css,502,css,88b8e625,JayManjrekar0827,2026-04-04,21:58:26,-07:00,2026-04-04T21:58:26-07:00,0,0
style.css,503,css,88b8e625,JayManjrekar0827,2026-04-04,21:58:26,-07:00,2026-04-04T21:58:26-07:00,0,0
style.css,504,css,31c3b8ca,JayManjrekar0827,2026-04-11,20:45:34,-07:00,2026-04-11T20:45:34-07:00,0,20
style.css,505,css,31c3b8ca,JayManjrekar0827,2026-04-11,20:45:34,-07:00,2026-04-11T20:45:34-07:00,1,18
style.css,506,css,31c3b8ca,JayManjrekar0827,2026-04-11,20:45:34,-07:00,2026-04-11T20:45:34-07:00,1,18
style.css,507,css,88b8e625,JayManjrekar0827,2026-04-04,21:58:26,-07:00,2026-04-04T21:58:26-07:00,1,18
style.css,508,css,88b8e625,JayManjrekar0827,2026-04-04,21:58:26,-07:00,2026-04-04T21:58:26-07:00,1,23
style.css,509,css,88b8e625,JayManjrekar0827,2026-04-04,21:58:26,-07:00,2026-04-04T21:58:26-07:00,1,12
style.css,510,css,88b8e625,JayManjrekar0827,2026-04-04,21:58:26,-07:00,2026-04-04T21:58:26-07:00,1,17
style.css,511,css,88b8e625,JayManjrekar0827,2026-04-04,21:58:26,-07:00,2026-04-04T21:58:26-07:00,1,15
style.css,512,css,88b8e625,JayManjrekar0827,2026-04-04,21:58:26,-07:00,2026-04-04T21:58:26-07:00,1,17
style.css,513,css,31c3b8ca,JayManjrekar0827,2026-04-11,20:45:34,-07:00,2026-04-11T20:45:34-07:00,1,108
style.css,514,css,88b8e625,JayManjrekar0827,2026-04-04,21:58:26,-07:00,2026-04-04T21:58:26-07:00,1,11
style.css,515,css,88b8e625,JayManjrekar0827,2026-04-04,21:58:26,-07:00,2026-04-04T21:58:26-07:00,1,19
style.css,516,css,88b8e625,JayManjrekar0827,2026-04-04,21:58:26,-07:00,2026-04-04T21:58:26-07:00,1,14
style.css,517,css,31c3b8ca,JayManjrekar0827,2026-04-11,20:45:34,-07:00,2026-04-11T20:45:34-07:00,1,79
style.css,518,css,88b8e625,JayManjrekar0827,2026-04-04,21:58:26,-07:00,2026-04-04T21:58:26-07:00,1,9
style.css,519,css,88b8e625,JayManjrekar0827,2026-04-04,21:58:26,-07:00,2026-04-04T21:58:26-07:00,2,19
style.css,520,css,88b8e625,JayManjrekar0827,2026-04-04,21:58:26,-07:00,2026-04-04T21:58:26-07:00,2,20
style.css,521,css,88b8e625,JayManjrekar0827,2026-04-04,21:58:26,-07:00,2026-04-04T21:58:26-07:00,2,16
style.css,522,css,88b8e625,JayManjrekar0827,2026-04-04,21:58:26,-07:00,2026-04-04T21:58:26-07:00,0,0
style.css,523,css,88b8e625,JayManjrekar0827,2026-04-04,21:58:26,-07:00,2026-04-04T21:58:26-07:00,0,0
style.css,524,css,31c3b8ca,JayManjrekar0827,2026-04-11,20:45:34,-07:00,2026-04-11T20:45:34-07:00,0,26
style.css,525,css,88b8e625,JayManjrekar0827,2026-04-04,21:58:26,-07:00,2026-04-04T21:58:26-07:00,1,23
style.css,526,css,31c3b8ca,JayManjrekar0827,2026-04-11,20:45:34,-07:00,2026-04-11T20:45:34-07:00,1,79
style.css,527,css,88b8e625,JayManjrekar0827,2026-04-04,21:58:26,-07:00,2026-04-04T21:58:26-07:00,0,0
style.css,528,css,88b8e625,JayManjrekar0827,2026-04-04,21:58:26,-07:00,2026-04-04T21:58:26-07:00,0,0
style.css,529,css,31c3b8ca,JayManjrekar0827,2026-04-11,20:45:34,-07:00,2026-04-11T20:45:34-07:00,0,27
style.css,530,css,88b8e625,JayManjrekar0827,2026-04-04,21:58:26,-07:00,2026-04-04T21:58:26-07:00,1,21
style.css,531,css,88b8e625,JayManjrekar0827,2026-04-04,21:58:26,-07:00,2026-04-04T21:58:26-07:00,0,0
style.css,532,css,88b8e625,JayManjrekar0827,2026-04-04,21:58:26,-07:00,2026-04-04T21:58:26-07:00,0,0
style.css,533,css,31c3b8ca,JayManjrekar0827,2026-04-11,20:45:34,-07:00,2026-04-11T20:45:34-07:00,0,34
style.css,534,css,31c3b8ca,JayManjrekar0827,2026-04-11,20:45:34,-07:00,2026-04-11T20:45:34-07:00,1,37
style.css,535,css,88b8e625,JayManjrekar0827,2026-04-04,21:58:26,-07:00,2026-04-04T21:58:26-07:00,1,18
style.css,536,css,71cd646,JayManjrekar0827,2026-04-04,17:27:50,-07:00,2026-04-04T17:27:50-07:00,0,0
style.css,537,css,40093e8f,JayManjrekar0827,2026-04-11,20:46:26,-07:00,2026-04-11T20:46:26-07:00,0,0
style.css,538,css,40093e8f,JayManjrekar0827,2026-04-11,20:46:26,-07:00,2026-04-11T20:46:26-07:00,0,3
style.css,539,css,40093e8f,JayManjrekar0827,2026-04-11,20:46:26,-07:00,2026-04-11T20:46:26-07:00,1,34
style.css,540,css,40093e8f,JayManjrekar0827,2026-04-11,20:46:26,-07:00,2026-04-11T20:46:26-07:00,1,18
style.css,541,css,40093e8f,JayManjrekar0827,2026-04-11,20:46:26,-07:00,2026-04-11T20:46:26-07:00,0,0
style.css,542,css,40093e8f,JayManjrekar0827,2026-04-11,20:46:26,-07:00,2026-04-11T20:46:26-07:00,0,0
style.css,543,css,40093e8f,JayManjrekar0827,2026-04-11,20:46:26,-07:00,2026-04-11T20:46:26-07:00,0,21
style.css,544,css,40093e8f,JayManjrekar0827,2026-04-11,20:46:26,-07:00,2026-04-11T20:46:26-07:00,1,17
style.css,545,css,40093e8f,JayManjrekar0827,2026-04-11,20:46:26,-07:00,2026-04-11T20:46:26-07:00,1,21
style.css,546,css,40093e8f,JayManjrekar0827,2026-04-11,20:46:26,-07:00,2026-04-11T20:46:26-07:00,0,0
style.css,547,css,40093e8f,JayManjrekar0827,2026-04-11,20:46:26,-07:00,2026-04-11T20:46:26-07:00,0,0
style.css,548,css,40093e8f,JayManjrekar0827,2026-04-11,20:46:26,-07:00,2026-04-11T20:46:26-07:00,0,16
style.css,549,css,40093e8f,JayManjrekar0827,2026-04-11,20:46:26,-07:00,2026-04-11T20:46:26-07:00,1,17
style.css,550,css,40093e8f,JayManjrekar0827,2026-04-11,20:46:26,-07:00,2026-04-11T20:46:26-07:00,1,18
style.css,551,css,40093e8f,JayManjrekar0827,2026-04-11,20:46:26,-07:00,2026-04-11T20:46:26-07:00,1,44
style.css,552,css,40093e8f,JayManjrekar0827,2026-04-11,20:46:26,-07:00,2026-04-11T20:46:26-07:00,0,0
style.css,553,css,40093e8f,JayManjrekar0827,2026-04-11,20:46:26,-07:00,2026-04-11T20:46:26-07:00,0,0
style.css,554,css,40093e8f,JayManjrekar0827,2026-04-11,20:46:26,-07:00,2026-04-11T20:46:26-07:00,0,24
style.css,555,css,40093e8f,JayManjrekar0827,2026-04-11,20:46:26,-07:00,2026-04-11T20:46:26-07:00,1,79
style.css,556,css,40093e8f,JayManjrekar0827,2026-04-11,20:46:26,-07:00,2026-04-11T20:46:26-07:00,0,0
style.css,557,css,40093e8f,JayManjrekar0827,2026-04-11,20:46:26,-07:00,2026-04-11T20:46:26-07:00,0,0
style.css,558,css,40093e8f,JayManjrekar0827,2026-04-11,20:46:26,-07:00,2026-04-11T20:46:26-07:00,0,13
style.css,559,css,40093e8f,JayManjrekar0827,2026-04-11,20:46:26,-07:00,2026-04-11T20:46:26-07:00,1,16
style.css,560,css,40093e8f,JayManjrekar0827,2026-04-11,20:46:26,-07:00,2026-04-11T20:46:26-07:00,1,16
style.css,561,css,40093e8f,JayManjrekar0827,2026-04-11,20:46:26,-07:00,2026-04-11T20:46:26-07:00,0,0
style.css,562,css,01e6a0a8,JayManjrekar0827,2026-04-24,20:19:57,-07:00,2026-04-24T20:19:57-07:00,0,0
style.css,563,css,01e6a0a8,JayManjrekar0827,2026-04-24,20:19:57,-07:00,2026-04-24T20:19:57-07:00,0,0
style.css,564,css,01e6a0a8,JayManjrekar0827,2026-04-24,20:19:57,-07:00,2026-04-24T20:19:57-07:00,0,14
style.css,565,css,01e6a0a8,JayManjrekar0827,2026-04-24,20:19:57,-07:00,2026-04-24T20:19:57-07:00,1,18
style.css,566,css,01e6a0a8,JayManjrekar0827,2026-04-24,20:19:57,-07:00,2026-04-24T20:19:57-07:00,0,0
style.css,567,css,01e6a0a8,JayManjrekar0827,2026-04-24,20:19:57,-07:00,2026-04-24T20:19:57-07:00,0,0
style.css,568,css,01e6a0a8,JayManjrekar0827,2026-04-24,20:19:57,-07:00,2026-04-24T20:19:57-07:00,0,17
style.css,569,css,01e6a0a8,JayManjrekar0827,2026-04-24,20:19:57,-07:00,2026-04-24T20:19:57-07:00,1,12
style.css,570,css,01e6a0a8,JayManjrekar0827,2026-04-24,20:19:57,-07:00,2026-04-24T20:19:57-07:00,1,47
style.css,571,css,01e6a0a8,JayManjrekar0827,2026-04-24,20:19:57,-07:00,2026-04-24T20:19:57-07:00,1,18
style.css,572,css,01e6a0a8,JayManjrekar0827,2026-04-24,20:19:57,-07:00,2026-04-24T20:19:57-07:00,1,8
style.css,573,css,01e6a0a8,JayManjrekar0827,2026-04-24,20:19:57,-07:00,2026-04-24T20:19:57-07:00,1,12
style.css,574,css,01e6a0a8,JayManjrekar0827,2026-04-24,20:19:57,-07:00,2026-04-24T20:19:57-07:00,1,25
style.css,575,css,01e6a0a8,JayManjrekar0827,2026-04-24,20:19:57,-07:00,2026-04-24T20:19:57-07:00,1,30
style.css,576,css,01e6a0a8,JayManjrekar0827,2026-04-24,20:19:57,-07:00,2026-04-24T20:19:57-07:00,1,27
style.css,577,css,01e6a0a8,JayManjrekar0827,2026-04-24,20:19:57,-07:00,2026-04-24T20:19:57-07:00,0,0
style.css,578,css,01e6a0a8,JayManjrekar0827,2026-04-24,20:19:57,-07:00,2026-04-24T20:19:57-07:00,0,0
style.css,579,css,01e6a0a8,JayManjrekar0827,2026-04-24,20:19:57,-07:00,2026-04-24T20:19:57-07:00,0,17
style.css,580,css,01e6a0a8,JayManjrekar0827,2026-04-24,20:19:57,-07:00,2026-04-24T20:19:57-07:00,1,10
style.css,581,css,01e6a0a8,JayManjrekar0827,2026-04-24,20:19:57,-07:00,2026-04-24T20:19:57-07:00,1,8
style.css,582,css,01e6a0a8,JayManjrekar0827,2026-04-24,20:19:57,-07:00,2026-04-24T20:19:57-07:00,1,17
style.css,583,css,01e6a0a8,JayManjrekar0827,2026-04-24,20:19:57,-07:00,2026-04-24T20:19:57-07:00,1,15
style.css,584,css,01e6a0a8,JayManjrekar0827,2026-04-24,20:19:57,-07:00,2026-04-24T20:19:57-07:00,1,21
style.css,585,css,01e6a0a8,JayManjrekar0827,2026-04-24,20:19:57,-07:00,2026-04-24T20:19:57-07:00,1,24
style.css,586,css,01e6a0a8,JayManjrekar0827,2026-04-24,20:19:57,-07:00,2026-04-24T20:19:57-07:00,1,23
style.css,587,css,01e6a0a8,JayManjrekar0827,2026-04-24,20:19:57,-07:00,2026-04-24T20:19:57-07:00,0,0
style.css,588,css,01e6a0a8,JayManjrekar0827,2026-04-24,20:19:57,-07:00,2026-04-24T20:19:57-07:00,0,0
style.css,589,css,01e6a0a8,JayManjrekar0827,2026-04-24,20:19:57,-07:00,2026-04-24T20:19:57-07:00,0,17
style.css,590,css,01e6a0a8,JayManjrekar0827,2026-04-24,20:19:57,-07:00,2026-04-24T20:19:57-07:00,1,10
style.css,591,css,01e6a0a8,JayManjrekar0827,2026-04-24,20:19:57,-07:00,2026-04-24T20:19:57-07:00,1,8
style.css,592,css,01e6a0a8,JayManjrekar0827,2026-04-24,20:19:57,-07:00,2026-04-24T20:19:57-07:00,1,16
style.css,593,css,01e6a0a8,JayManjrekar0827,2026-04-24,20:19:57,-07:00,2026-04-24T20:19:57-07:00,1,15
style.css,594,css,01e6a0a8,JayManjrekar0827,2026-04-24,20:19:57,-07:00,2026-04-24T20:19:57-07:00,1,17
style.css,595,css,01e6a0a8,JayManjrekar0827,2026-04-24,20:19:57,-07:00,2026-04-24T20:19:57-07:00,0,0
style.css,596,css,01e6a0a8,JayManjrekar0827,2026-04-24,20:19:57,-07:00,2026-04-24T20:19:57-07:00,0,0
style.css,597,css,01e6a0a8,JayManjrekar0827,2026-04-24,20:19:57,-07:00,2026-04-24T20:19:57-07:00,0,25
style.css,598,css,01e6a0a8,JayManjrekar0827,2026-04-24,20:19:57,-07:00,2026-04-24T20:19:57-07:00,1,17
style.css,599,css,01e6a0a8,JayManjrekar0827,2026-04-24,20:19:57,-07:00,2026-04-24T20:19:57-07:00,2,47
style.css,600,css,01e6a0a8,JayManjrekar0827,2026-04-24,20:19:57,-07:00,2026-04-24T20:19:57-07:00,1,0
style.css,601,css,01e6a0a8,JayManjrekar0827,2026-04-24,20:19:57,-07:00,2026-04-24T20:19:57-07:00,0,0
style.css,602,css,00e8e69c,JayManjrekar0827,2026-05-08,22:01:13,-07:00,2026-05-08T22:01:13-07:00,0,0
style.css,603,css,00e8e69c,JayManjrekar0827,2026-05-08,22:01:13,-07:00,2026-05-08T22:01:13-07:00,0,15
style.css,604,css,00e8e69c,JayManjrekar0827,2026-05-08,22:01:13,-07:00,2026-05-08T22:01:13-07:00,1,68
style.css,605,css,00e8e69c,JayManjrekar0827,2026-05-08,22:01:13,-07:00,2026-05-08T22:01:13-07:00,1,16
style.css,606,css,00e8e69c,JayManjrekar0827,2026-05-08,22:01:13,-07:00,2026-05-08T22:01:13-07:00,1,20
style.css,607,css,00e8e69c,JayManjrekar0827,2026-05-08,22:01:13,-07:00,2026-05-08T22:01:13-07:00,1,17
style.css,608,css,00e8e69c,JayManjrekar0827,2026-05-08,22:01:13,-07:00,2026-05-08T22:01:13-07:00,1,36
style.css,609,css,00e8e69c,JayManjrekar0827,2026-05-08,22:01:13,-07:00,2026-05-08T22:01:13-07:00,1,17
style.css,610,css,00e8e69c,JayManjrekar0827,2026-05-08,22:01:13,-07:00,2026-05-08T22:01:13-07:00,0,0
style.css,611,css,00e8e69c,JayManjrekar0827,2026-05-08,22:01:13,-07:00,2026-05-08T22:01:13-07:00,0,0
style.css,612,css,00e8e69c,JayManjrekar0827,2026-05-08,22:01:13,-07:00,2026-05-08T22:01:13-07:00,0,17
style.css,613,css,00e8e69c,JayManjrekar0827,2026-05-08,22:01:13,-07:00,2026-05-08T22:01:13-07:00,1,12
style.css,614,css,00e8e69c,JayManjrekar0827,2026-05-08,22:01:13,-07:00,2026-05-08T22:01:13-07:00,1,57
style.css,615,css,00e8e69c,JayManjrekar0827,2026-05-08,22:01:13,-07:00,2026-05-08T22:01:13-07:00,1,15
style.css,616,css,00e8e69c,JayManjrekar0827,2026-05-08,22:01:13,-07:00,2026-05-08T22:01:13-07:00,1,8
style.css,617,css,00e8e69c,JayManjrekar0827,2026-05-08,22:01:13,-07:00,2026-05-08T22:01:13-07:00,1,20
style.css,618,css,00e8e69c,JayManjrekar0827,2026-05-08,22:01:13,-07:00,2026-05-08T22:01:13-07:00,1,25
style.css,619,css,00e8e69c,JayManjrekar0827,2026-05-08,22:01:13,-07:00,2026-05-08T22:01:13-07:00,1,30
style.css,620,css,00e8e69c,JayManjrekar0827,2026-05-08,22:01:13,-07:00,2026-05-08T22:01:13-07:00,1,27
style.css,621,css,00e8e69c,JayManjrekar0827,2026-05-08,22:01:13,-07:00,2026-05-08T22:01:13-07:00,0,0
style.css,622,css,00e8e69c,JayManjrekar0827,2026-05-08,22:01:13,-07:00,2026-05-08T22:01:13-07:00,0,0
style.css,623,css,00e8e69c,JayManjrekar0827,2026-05-08,22:01:13,-07:00,2026-05-08T22:01:13-07:00,0,20
style.css,624,css,00e8e69c,JayManjrekar0827,2026-05-08,22:01:13,-07:00,2026-05-08T22:01:13-07:00,1,8
style.css,625,css,00e8e69c,JayManjrekar0827,2026-05-08,22:01:13,-07:00,2026-05-08T22:01:13-07:00,1,17
style.css,626,css,00e8e69c,JayManjrekar0827,2026-05-08,22:01:13,-07:00,2026-05-08T22:01:13-07:00,1,15
style.css,627,css,00e8e69c,JayManjrekar0827,2026-05-08,22:01:13,-07:00,2026-05-08T22:01:13-07:00,1,21
style.css,628,css,00e8e69c,JayManjrekar0827,2026-05-08,22:01:13,-07:00,2026-05-08T22:01:13-07:00,1,24
style.css,629,css,00e8e69c,JayManjrekar0827,2026-05-08,22:01:13,-07:00,2026-05-08T22:01:13-07:00,1,23
style.css,630,css,00e8e69c,JayManjrekar0827,2026-05-08,22:01:13,-07:00,2026-05-08T22:01:13-07:00,0,0
style.css,631,css,00e8e69c,JayManjrekar0827,2026-05-08,22:01:13,-07:00,2026-05-08T22:01:13-07:00,0,0
style.css,632,css,00e8e69c,JayManjrekar0827,2026-05-08,22:01:13,-07:00,2026-05-08T22:01:13-07:00,0,20
style.css,633,css,00e8e69c,JayManjrekar0827,2026-05-08,22:01:13,-07:00,2026-05-08T22:01:13-07:00,1,18
style.css,634,css,00e8e69c,JayManjrekar0827,2026-05-08,22:01:13,-07:00,2026-05-08T22:01:13-07:00,1,14
style.css,635,css,00e8e69c,JayManjrekar0827,2026-05-08,22:01:13,-07:00,2026-05-08T22:01:13-07:00,1,15
style.css,636,css,00e8e69c,JayManjrekar0827,2026-05-08,22:01:13,-07:00,2026-05-08T22:01:13-07:00,1,17
style.css,637,css,00e8e69c,JayManjrekar0827,2026-05-08,22:01:13,-07:00,2026-05-08T22:01:13-07:00,1,21
style.css,638,css,00e8e69c,JayManjrekar0827,2026-05-08,22:01:13,-07:00,2026-05-08T22:01:13-07:00,0,0
style.css,639,css,a82ee2c7,JayManjrekar0827,2026-05-08,22:02:05,-07:00,2026-05-08T22:02:05-07:00,0,0
style.css,640,css,a82ee2c7,JayManjrekar0827,2026-05-08,22:02:05,-07:00,2026-05-08T22:02:05-07:00,0,6
style.css,641,css,a82ee2c7,JayManjrekar0827,2026-05-08,22:02:05,-07:00,2026-05-08T22:02:05-07:00,1,18
style.css,642,css,a82ee2c7,JayManjrekar0827,2026-05-08,22:02:05,-07:00,2026-05-08T22:02:05-07:00,0,0
style.css,643,css,a82ee2c7,JayManjrekar0827,2026-05-08,22:02:05,-07:00,2026-05-08T22:02:05-07:00,0,0
style.css,644,css,a82ee2c7,JayManjrekar0827,2026-05-08,22:02:05,-07:00,2026-05-08T22:02:05-07:00,0,10
style.css,645,css,a82ee2c7,JayManjrekar0827,2026-05-08,22:02:05,-07:00,2026-05-08T22:02:05-07:00,1,10
style.css,646,css,a82ee2c7,JayManjrekar0827,2026-05-08,22:02:05,-07:00,2026-05-08T22:02:05-07:00,1,11
style.css,647,css,a82ee2c7,JayManjrekar0827,2026-05-08,22:02:05,-07:00,2026-05-08T22:02:05-07:00,1,14
style.css,648,css,a82ee2c7,JayManjrekar0827,2026-05-08,22:02:05,-07:00,2026-05-08T22:02:05-07:00,1,13
style.css,649,css,a82ee2c7,JayManjrekar0827,2026-05-08,22:02:05,-07:00,2026-05-08T22:02:05-07:00,0,0
style.css,650,css,a82ee2c7,JayManjrekar0827,2026-05-08,22:02:05,-07:00,2026-05-08T22:02:05-07:00,0,0
style.css,651,css,a82ee2c7,JayManjrekar0827,2026-05-08,22:02:05,-07:00,2026-05-08T22:02:05-07:00,0,16
style.css,652,css,a82ee2c7,JayManjrekar0827,2026-05-08,22:02:05,-07:00,2026-05-08T22:02:05-07:00,0,17
style.css,653,css,a82ee2c7,JayManjrekar0827,2026-05-08,22:02:05,-07:00,2026-05-08T22:02:05-07:00,1,32
style.css,654,css,a82ee2c7,JayManjrekar0827,2026-05-08,22:02:05,-07:00,2026-05-08T22:02:05-07:00,0,0
style.css,655,css,a82ee2c7,JayManjrekar0827,2026-05-08,22:02:05,-07:00,2026-05-08T22:02:05-07:00,0,0
style.css,656,css,a82ee2c7,JayManjrekar0827,2026-05-08,22:02:05,-07:00,2026-05-08T22:02:05-07:00,0,17
style.css,657,css,a82ee2c7,JayManjrekar0827,2026-05-08,22:02:05,-07:00,2026-05-08T22:02:05-07:00,1,22
style.css,658,css,a82ee2c7,JayManjrekar0827,2026-05-08,22:02:05,-07:00,2026-05-08T22:02:05-07:00,1,17
style.css,659,css,a82ee2c7,JayManjrekar0827,2026-05-08,22:02:05,-07:00,2026-05-08T22:02:05-07:00,0,0
style.css,660,css,a82ee2c7,JayManjrekar0827,2026-05-08,22:02:05,-07:00,2026-05-08T22:02:05-07:00,0,0
style.css,661,css,a82ee2c7,JayManjrekar0827,2026-05-08,22:02:05,-07:00,2026-05-08T22:02:05-07:00,0,22
style.css,662,css,a82ee2c7,JayManjrekar0827,2026-05-08,22:02:05,-07:00,2026-05-08T22:02:05-07:00,1,32
style.css,663,css,a82ee2c7,JayManjrekar0827,2026-05-08,22:02:05,-07:00,2026-05-08T22:02:05-07:00,1,20
style.css,664,css,a82ee2c7,JayManjrekar0827,2026-05-08,22:02:05,-07:00,2026-05-08T22:02:05-07:00,0,0
style.css,665,css,a82ee2c7,JayManjrekar0827,2026-05-08,22:02:05,-07:00,2026-05-08T22:02:05-07:00,0,0
style.css,666,css,a82ee2c7,JayManjrekar0827,2026-05-08,22:02:05,-07:00,2026-05-08T22:02:05-07:00,0,22
style.css,667,css,a82ee2c7,JayManjrekar0827,2026-05-08,22:02:05,-07:00,2026-05-08T22:02:05-07:00,1,12
style.css,668,css,a82ee2c7,JayManjrekar0827,2026-05-08,22:02:05,-07:00,2026-05-08T22:02:05-07:00,0,0
style.css,669,css,a82ee2c7,JayManjrekar0827,2026-05-08,22:02:05,-07:00,2026-05-08T22:02:05-07:00,0,0
style.css,670,css,a82ee2c7,JayManjrekar0827,2026-05-08,22:02:05,-07:00,2026-05-08T22:02:05-07:00,0,13
style.css,671,css,a82ee2c7,JayManjrekar0827,2026-05-08,22:02:05,-07:00,2026-05-08T22:02:05-07:00,1,9
style.css,672,css,a82ee2c7,JayManjrekar0827,2026-05-08,22:02:05,-07:00,2026-05-08T22:02:05-07:00,2,22
style.css,673,css,a82ee2c7,JayManjrekar0827,2026-05-08,22:02:05,-07:00,2026-05-08T22:02:05-07:00,2,19
style.css,674,css,a82ee2c7,JayManjrekar0827,2026-05-08,22:02:05,-07:00,2026-05-08T22:02:05-07:00,2,14
style.css,675,css,a82ee2c7,JayManjrekar0827,2026-05-08,22:02:05,-07:00,2026-05-08T22:02:05-07:00,1,23
style.css,676,css,a82ee2c7,JayManjrekar0827,2026-05-08,22:02:05,-07:00,2026-05-08T22:02:05-07:00,1,22
style.css,677,css,a82ee2c7,JayManjrekar0827,2026-05-08,22:02:05,-07:00,2026-05-08T22:02:05-07:00,0,0
style.css,678,css,a82ee2c7,JayManjrekar0827,2026-05-08,22:02:05,-07:00,2026-05-08T22:02:05-07:00,0,0
style.css,679,css,a82ee2c7,JayManjrekar0827,2026-05-08,22:02:05,-07:00,2026-05-08T22:02:05-07:00,0,19
style.css,680,css,a82ee2c7,JayManjrekar0827,2026-05-08,22:02:05,-07:00,2026-05-08T22:02:05-07:00,1,21
style.css,681,css,a82ee2c7,JayManjrekar0827,2026-05-08,22:02:05,-07:00,2026-05-08T22:02:05-07:00,0,0
style.css,682,css,a82ee2c7,JayManjrekar0827,2026-05-08,22:02:05,-07:00,2026-05-08T22:02:05-07:00,0,0
style.css,683,css,fcf89b7c,JayManjrekar0827,2026-05-08,22:02:17,-07:00,2026-05-08T22:02:17-07:00,0,22
style.css,684,css,fcf89b7c,JayManjrekar0827,2026-05-08,22:02:17,-07:00,2026-05-08T22:02:17-07:00,1,12
style.css,685,css,fcf89b7c,JayManjrekar0827,2026-05-08,22:02:17,-07:00,2026-05-08T22:02:17-07:00,0,0
style.css,686,css,fcf89b7c,JayManjrekar0827,2026-05-08,22:02:17,-07:00,2026-05-08T22:02:17-07:00,0,0
style.css,687,css,fcf89b7c,JayManjrekar0827,2026-05-08,22:02:17,-07:00,2026-05-08T22:02:17-07:00,0,24
style.css,688,css,fcf89b7c,JayManjrekar0827,2026-05-08,22:02:17,-07:00,2026-05-08T22:02:17-07:00,1,2
style.css,689,css,fcf89b7c,JayManjrekar0827,2026-05-08,22:02:17,-07:00,2026-05-08T22:02:17-07:00,2,20
style.css,690,css,fcf89b7c,JayManjrekar0827,2026-05-08,22:02:17,-07:00,2026-05-08T22:02:17-07:00,1,0
style.css,691,css,fcf89b7c,JayManjrekar0827,2026-05-08,22:02:17,-07:00,2026-05-08T22:02:17-07:00,0,0
style.css,692,css,fcf89b7c,JayManjrekar0827,2026-05-08,22:02:17,-07:00,2026-05-08T22:02:17-07:00,0,0
style.css,693,css,fcf89b7c,JayManjrekar0827,2026-05-08,22:02:17,-07:00,2026-05-08T22:02:17-07:00,0,17
style.css,694,css,fcf89b7c,JayManjrekar0827,2026-05-08,22:02:17,-07:00,2026-05-08T22:02:17-07:00,1,29
style.css,695,css,fcf89b7c,JayManjrekar0827,2026-05-08,22:02:17,-07:00,2026-05-08T22:02:17-07:00,1,31
style.css,696,css,fcf89b7c,JayManjrekar0827,2026-05-08,22:02:17,-07:00,2026-05-08T22:02:17-07:00,1,18
style.css,697,css,fcf89b7c,JayManjrekar0827,2026-05-08,22:02:17,-07:00,2026-05-08T22:02:17-07:00,1,20
style.css,698,css,fcf89b7c,JayManjrekar0827,2026-05-08,22:02:17,-07:00,2026-05-08T22:02:17-07:00,1,42
style.css,699,css,fcf89b7c,JayManjrekar0827,2026-05-08,22:02:17,-07:00,2026-05-08T22:02:17-07:00,0,0
style.css,700,css,fcf89b7c,JayManjrekar0827,2026-05-08,22:02:17,-07:00,2026-05-08T22:02:17-07:00,0,0
style.css,701,css,fcf89b7c,JayManjrekar0827,2026-05-08,22:02:17,-07:00,2026-05-08T22:02:17-07:00,0,18
style.css,702,css,fcf89b7c,JayManjrekar0827,2026-05-08,22:02:17,-07:00,2026-05-08T22:02:17-07:00,1,17
style.css,703,css,fcf89b7c,JayManjrekar0827,2026-05-08,22:02:17,-07:00,2026-05-08T22:02:17-07:00,0,0
style.css,704,css,fcf89b7c,JayManjrekar0827,2026-05-08,22:02:17,-07:00,2026-05-08T22:02:17-07:00,0,0
style.css,705,css,fcf89b7c,JayManjrekar0827,2026-05-08,22:02:17,-07:00,2026-05-08T22:02:17-07:00,0,16
style.css,706,css,fcf89b7c,JayManjrekar0827,2026-05-08,22:02:17,-07:00,2026-05-08T22:02:17-07:00,1,18
style.css,707,css,fcf89b7c,JayManjrekar0827,2026-05-08,22:02:17,-07:00,2026-05-08T22:02:17-07:00,1,17
style.css,708,css,fcf89b7c,JayManjrekar0827,2026-05-08,22:02:17,-07:00,2026-05-08T22:02:17-07:00,1,23
style.css,709,css,fcf89b7c,JayManjrekar0827,2026-05-08,22:02:17,-07:00,2026-05-08T22:02:17-07:00,0,0
style.css,710,css,fcf89b7c,JayManjrekar0827,2026-05-08,22:02:17,-07:00,2026-05-08T22:02:17-07:00,0,0
style.css,711,css,fcf89b7c,JayManjrekar0827,2026-05-08,22:02:17,-07:00,2026-05-08T22:02:17-07:00,0,19
style.css,712,css,fcf89b7c,JayManjrekar0827,2026-05-08,22:02:17,-07:00,2026-05-08T22:02:17-07:00,1,12
style.css,713,css,fcf89b7c,JayManjrekar0827,2026-05-08,22:02:17,-07:00,2026-05-08T22:02:17-07:00,1,14
style.css,714,css,fcf89b7c,JayManjrekar0827,2026-05-08,22:02:17,-07:00,2026-05-08T22:02:17-07:00,1,8
style.css,715,css,fcf89b7c,JayManjrekar0827,2026-05-08,22:02:17,-07:00,2026-05-08T22:02:17-07:00,1,20
style.css,716,css,fcf89b7c,JayManjrekar0827,2026-05-08,22:02:17,-07:00,2026-05-08T22:02:17-07:00,1,25
style.css,717,css,fcf89b7c,JayManjrekar0827,2026-05-08,22:02:17,-07:00,2026-05-08T22:02:17-07:00,1,30
style.css,718,css,fcf89b7c,JayManjrekar0827,2026-05-08,22:02:17,-07:00,2026-05-08T22:02:17-07:00,1,27
style.css,719,css,fcf89b7c,JayManjrekar0827,2026-05-08,22:02:17,-07:00,2026-05-08T22:02:17-07:00,1,8
style.css,720,css,fcf89b7c,JayManjrekar0827,2026-05-08,22:02:17,-07:00,2026-05-08T22:02:17-07:00,0,0
style.css,721,css,fcf89b7c,JayManjrekar0827,2026-05-08,22:02:17,-07:00,2026-05-08T22:02:17-07:00,0,0
style.css,722,css,fcf89b7c,JayManjrekar0827,2026-05-08,22:02:17,-07:00,2026-05-08T22:02:17-07:00,0,25
style.css,723,css,fcf89b7c,JayManjrekar0827,2026-05-08,22:02:17,-07:00,2026-05-08T22:02:17-07:00,1,12
style.css,724,css,fcf89b7c,JayManjrekar0827,2026-05-08,22:02:17,-07:00,2026-05-08T22:02:17-07:00,0,0
style.css,725,css,fcf89b7c,JayManjrekar0827,2026-05-08,22:02:17,-07:00,2026-05-08T22:02:17-07:00,0,0
style.css,726,css,fcf89b7c,JayManjrekar0827,2026-05-08,22:02:17,-07:00,2026-05-08T22:02:17-07:00,0,29
style.css,727,css,fcf89b7c,JayManjrekar0827,2026-05-08,22:02:17,-07:00,2026-05-08T22:02:17-07:00,1,12
style.css,728,css,fcf89b7c,JayManjrekar0827,2026-05-08,22:02:17,-07:00,2026-05-08T22:02:17-07:00,1,21
style.css,729,css,fcf89b7c,JayManjrekar0827,2026-05-08,22:02:17,-07:00,2026-05-08T22:02:17-07:00,1,22
style.css,730,css,fcf89b7c,JayManjrekar0827,2026-05-08,22:02:17,-07:00,2026-05-08T22:02:17-07:00,1,11
style.css,731,css,fcf89b7c,JayManjrekar0827,2026-05-08,22:02:17,-07:00,2026-05-08T22:02:17-07:00,1,16
style.css,732,css,fcf89b7c,JayManjrekar0827,2026-05-08,22:02:17,-07:00,2026-05-08T22:02:17-07:00,0,0
style.css,733,css,fcf89b7c,JayManjrekar0827,2026-05-08,22:02:17,-07:00,2026-05-08T22:02:17-07:00,0,0
style.css,734,css,fcf89b7c,JayManjrekar0827,2026-05-08,22:02:17,-07:00,2026-05-08T22:02:17-07:00,0,22
style.css,735,css,fcf89b7c,JayManjrekar0827,2026-05-08,22:02:17,-07:00,2026-05-08T22:02:17-07:00,1,8
style.css,736,css,fcf89b7c,JayManjrekar0827,2026-05-08,22:02:17,-07:00,2026-05-08T22:02:17-07:00,1,68
style.css,737,css,fcf89b7c,JayManjrekar0827,2026-05-08,22:02:17,-07:00,2026-05-08T22:02:17-07:00,1,17
style.css,738,css,fcf89b7c,JayManjrekar0827,2026-05-08,22:02:17,-07:00,2026-05-08T22:02:17-07:00,1,15
style.css,739,css,fcf89b7c,JayManjrekar0827,2026-05-08,22:02:17,-07:00,2026-05-08T22:02:17-07:00,1,21
style.css,740,css,fcf89b7c,JayManjrekar0827,2026-05-08,22:02:17,-07:00,2026-05-08T22:02:17-07:00,1,23
style.css,741,css,fcf89b7c,JayManjrekar0827,2026-05-08,22:02:17,-07:00,2026-05-08T22:02:17-07:00,0,0
style.css,742,css,fcf89b7c,JayManjrekar0827,2026-05-08,22:02:17,-07:00,2026-05-08T22:02:17-07:00,0,0
style.css,743,css,fcf89b7c,JayManjrekar0827,2026-05-08,22:02:17,-07:00,2026-05-08T22:02:17-07:00,0,22
style.css,744,css,fcf89b7c,JayManjrekar0827,2026-05-08,22:02:17,-07:00,2026-05-08T22:02:17-07:00,1,8
style.css,745,css,fcf89b7c,JayManjrekar0827,2026-05-08,22:02:17,-07:00,2026-05-08T22:02:17-07:00,1,68
style.css,746,css,fcf89b7c,JayManjrekar0827,2026-05-08,22:02:17,-07:00,2026-05-08T22:02:17-07:00,1,17
style.css,747,css,fcf89b7c,JayManjrekar0827,2026-05-08,22:02:17,-07:00,2026-05-08T22:02:17-07:00,1,15
style.css,748,css,fcf89b7c,JayManjrekar0827,2026-05-08,22:02:17,-07:00,2026-05-08T22:02:17-07:00,1,17
style.css,749,css,fcf89b7c,JayManjrekar0827,2026-05-08,22:02:17,-07:00,2026-05-08T22:02:17-07:00,0,0
style.css,750,css,fcf89b7c,JayManjrekar0827,2026-05-08,22:02:17,-07:00,2026-05-08T22:02:17-07:00,0,0
style.css,751,css,fcf89b7c,JayManjrekar0827,2026-05-08,22:02:17,-07:00,2026-05-08T22:02:17-07:00,0,33
style.css,752,css,fcf89b7c,JayManjrekar0827,2026-05-08,22:02:17,-07:00,2026-05-08T22:02:17-07:00,1,17
style.css,753,css,fcf89b7c,JayManjrekar0827,2026-05-08,22:02:17,-07:00,2026-05-08T22:02:17-07:00,1,23
style.css,754,css,fcf89b7c,JayManjrekar0827,2026-05-08,22:02:17,-07:00,2026-05-08T22:02:17-07:00,0,0
style.css,755,css,fcf89b7c,JayManjrekar0827,2026-05-08,22:02:17,-07:00,2026-05-08T22:02:17-07:00,0,0
style.css,756,css,a82ee2c7,JayManjrekar0827,2026-05-08,22:02:05,-07:00,2026-05-08T22:02:05-07:00,0,7
style.css,757,css,a82ee2c7,JayManjrekar0827,2026-05-08,22:02:05,-07:00,2026-05-08T22:02:05-07:00,1,12
style.css,758,css,a82ee2c7,JayManjrekar0827,2026-05-08,22:02:05,-07:00,2026-05-08T22:02:05-07:00,1,30
style.css,759,css,a82ee2c7,JayManjrekar0827,2026-05-08,22:02:05,-07:00,2026-05-08T22:02:05-07:00,1,19
style.css,760,css,a82ee2c7,JayManjrekar0827,2026-05-08,22:02:05,-07:00,2026-05-08T22:02:05-07:00,1,8
style.css,761,css,a82ee2c7,JayManjrekar0827,2026-05-08,22:02:05,-07:00,2026-05-08T22:02:05-07:00,1,23
style.css,762,css,a82ee2c7,JayManjrekar0827,2026-05-08,22:02:05,-07:00,2026-05-08T22:02:05-07:00,1,17
style.css,763,css,a82ee2c7,JayManjrekar0827,2026-05-08,22:02:05,-07:00,2026-05-08T22:02:05-07:00,1,30
style.css,764,css,a82ee2c7,JayManjrekar0827,2026-05-08,22:02:05,-07:00,2026-05-08T22:02:05-07:00,1,37
style.css,765,css,a82ee2c7,JayManjrekar0827,2026-05-08,22:02:05,-07:00,2026-05-08T22:02:05-07:00,1,33
style.css,766,css,a82ee2c7,JayManjrekar0827,2026-05-08,22:02:05,-07:00,2026-05-08T22:02:05-07:00,1,17
style.css,767,css,a82ee2c7,JayManjrekar0827,2026-05-08,22:02:05,-07:00,2026-05-08T22:02:05-07:00,1,42
style.css,768,css,a82ee2c7,JayManjrekar0827,2026-05-08,22:02:05,-07:00,2026-05-08T22:02:05-07:00,1,26
style.css,769,css,a82ee2c7,JayManjrekar0827,2026-05-08,22:02:05,-07:00,2026-05-08T22:02:05-07:00,1,34
style.css,770,css,a82ee2c7,JayManjrekar0827,2026-05-08,22:02:05,-07:00,2026-05-08T22:02:05-07:00,1,25
style.css,771,css,a82ee2c7,JayManjrekar0827,2026-05-08,22:02:05,-07:00,2026-05-08T22:02:05-07:00,1,39
style.css,772,css,a82ee2c7,JayManjrekar0827,2026-05-08,22:02:05,-07:00,2026-05-08T22:02:05-07:00,0,0
style.css,773,css,a82ee2c7,JayManjrekar0827,2026-05-08,22:02:05,-07:00,2026-05-08T22:02:05-07:00,0,0
style.css,774,css,a82ee2c7,JayManjrekar0827,2026-05-08,22:02:05,-07:00,2026-05-08T22:02:05-07:00,0,10
style.css,775,css,a82ee2c7,JayManjrekar0827,2026-05-08,22:02:05,-07:00,2026-05-08T22:02:05-07:00,1,8
style.css,776,css,a82ee2c7,JayManjrekar0827,2026-05-08,22:02:05,-07:00,2026-05-08T22:02:05-07:00,1,17
style.css,777,css,a82ee2c7,JayManjrekar0827,2026-05-08,22:02:05,-07:00,2026-05-08T22:02:05-07:00,1,15
style.css,778,css,a82ee2c7,JayManjrekar0827,2026-05-08,22:02:05,-07:00,2026-05-08T22:02:05-07:00,1,21
style.css,779,css,a82ee2c7,JayManjrekar0827,2026-05-08,22:02:05,-07:00,2026-05-08T22:02:05-07:00,1,24
style.css,780,css,a82ee2c7,JayManjrekar0827,2026-05-08,22:02:05,-07:00,2026-05-08T22:02:05-07:00,1,23
style.css,781,css,a82ee2c7,JayManjrekar0827,2026-05-08,22:02:05,-07:00,2026-05-08T22:02:05-07:00,1,17
style.css,782,css,a82ee2c7,JayManjrekar0827,2026-05-08,22:02:05,-07:00,2026-05-08T22:02:05-07:00,0,0
style.css,783,css,a82ee2c7,JayManjrekar0827,2026-05-08,22:02:05,-07:00,2026-05-08T22:02:05-07:00,0,0
style.css,784,css,a82ee2c7,JayManjrekar0827,2026-05-08,22:02:05,-07:00,2026-05-08T22:02:05-07:00,0,10
style.css,785,css,a82ee2c7,JayManjrekar0827,2026-05-08,22:02:05,-07:00,2026-05-08T22:02:05-07:00,1,8
style.css,786,css,a82ee2c7,JayManjrekar0827,2026-05-08,22:02:05,-07:00,2026-05-08T22:02:05-07:00,1,15
style.css,787,css,a82ee2c7,JayManjrekar0827,2026-05-08,22:02:05,-07:00,2026-05-08T22:02:05-07:00,1,17
style.css,788,css,a82ee2c7,JayManjrekar0827,2026-05-08,22:02:05,-07:00,2026-05-08T22:02:05-07:00,0,0
style.css,789,css,a82ee2c7,JayManjrekar0827,2026-05-08,22:02:05,-07:00,2026-05-08T22:02:05-07:00,0,0
style.css,790,css,a82ee2c7,JayManjrekar0827,2026-05-08,22:02:05,-07:00,2026-05-08T22:02:05-07:00,0,9
style.css,791,css,a82ee2c7,JayManjrekar0827,2026-05-08,22:02:05,-07:00,2026-05-08T22:02:05-07:00,1,25
style.css,792,css,a82ee2c7,JayManjrekar0827,2026-05-08,22:02:05,-07:00,2026-05-08T22:02:05-07:00,1,68
style.css,793,css,a82ee2c7,JayManjrekar0827,2026-05-08,22:02:05,-07:00,2026-05-08T22:02:05-07:00,1,20
style.css,794,css,a82ee2c7,JayManjrekar0827,2026-05-08,22:02:05,-07:00,2026-05-08T22:02:05-07:00,0,0
style.css,795,css,a82ee2c7,JayManjrekar0827,2026-05-08,22:02:05,-07:00,2026-05-08T22:02:05-07:00,0,0
style.css,796,css,a82ee2c7,JayManjrekar0827,2026-05-08,22:02:05,-07:00,2026-05-08T22:02:05-07:00,0,15
style.css,797,css,a82ee2c7,JayManjrekar0827,2026-05-08,22:02:05,-07:00,2026-05-08T22:02:05-07:00,1,25
style.css,798,css,a82ee2c7,JayManjrekar0827,2026-05-08,22:02:05,-07:00,2026-05-08T22:02:05-07:00,0,0
style.css,799,css,a82ee2c7,JayManjrekar0827,2026-05-08,22:02:05,-07:00,2026-05-08T22:02:05-07:00,0,0
style.css,800,css,a82ee2c7,JayManjrekar0827,2026-05-08,22:02:05,-07:00,2026-05-08T22:02:05-07:00,0,8
style.css,801,css,a82ee2c7,JayManjrekar0827,2026-05-08,22:02:05,-07:00,2026-05-08T22:02:05-07:00,1,14
style.css,802,css,a82ee2c7,JayManjrekar0827,2026-05-08,22:02:05,-07:00,2026-05-08T22:02:05-07:00,1,7
style.css,803,css,a82ee2c7,JayManjrekar0827,2026-05-08,22:02:05,-07:00,2026-05-08T22:02:05-07:00,1,8
style.css,804,css,a82ee2c7,JayManjrekar0827,2026-05-08,22:02:05,-07:00,2026-05-08T22:02:05-07:00,1,11
style.css,805,css,a82ee2c7,JayManjrekar0827,2026-05-08,22:02:05,-07:00,2026-05-08T22:02:05-07:00,1,19
style.css,806,css,a82ee2c7,JayManjrekar0827,2026-05-08,22:02:05,-07:00,2026-05-08T22:02:05-07:00,1,15
style.css,807,css,a82ee2c7,JayManjrekar0827,2026-05-08,22:02:05,-07:00,2026-05-08T22:02:05-07:00,0,0
style.css,808,css,a82ee2c7,JayManjrekar0827,2026-05-08,22:02:05,-07:00,2026-05-08T22:02:05-07:00,0,0
style.css,809,css,a82ee2c7,JayManjrekar0827,2026-05-08,22:02:05,-07:00,2026-05-08T22:02:05-07:00,0,42
style.css,810,css,a82ee2c7,JayManjrekar0827,2026-05-08,22:02:05,-07:00,2026-05-08T22:02:05-07:00,1,9
style.css,811,css,a82ee2c7,JayManjrekar0827,2026-05-08,22:02:05,-07:00,2026-05-08T22:02:05-07:00,1,17
style.css,812,css,a82ee2c7,JayManjrekar0827,2026-05-08,22:02:05,-07:00,2026-05-08T22:02:05-07:00,0,0
index.js,1,js,01e6a0a8,JayManjrekar0827,2026-04-24,20:19:57,-07:00,2026-04-24T20:19:57-07:00,0,71
index.js,2,js,01e6a0a8,JayManjrekar0827,2026-04-24,20:19:57,-07:00,2026-04-24T20:19:57-07:00,0,0
index.js,3,js,613e36bf,JayManjrekar0827,2026-04-24,20:26:56,-07:00,2026-04-24T20:26:56-07:00,0,29
index.js,4,js,613e36bf,JayManjrekar0827,2026-04-24,20:26:56,-07:00,2026-04-24T20:26:56-07:00,1,54
index.js,5,js,613e36bf,JayManjrekar0827,2026-04-24,20:26:56,-07:00,2026-04-24T20:26:56-07:00,1,73
index.js,6,js,613e36bf,JayManjrekar0827,2026-04-24,20:26:56,-07:00,2026-04-24T20:26:56-07:00,1,60
index.js,7,js,01e6a0a8,JayManjrekar0827,2026-04-24,20:19:57,-07:00,2026-04-24T20:19:57-07:00,0,0
index.js,8,js,613e36bf,JayManjrekar0827,2026-04-24,20:26:56,-07:00,2026-04-24T20:26:56-07:00,1,22
index.js,9,js,613e36bf,JayManjrekar0827,2026-04-24,20:26:56,-07:00,2026-04-24T20:26:56-07:00,2,54
index.js,10,js,613e36bf,JayManjrekar0827,2026-04-24,20:26:56,-07:00,2026-04-24T20:26:56-07:00,1,0
index.js,11,js,01e6a0a8,JayManjrekar0827,2026-04-24,20:19:57,-07:00,2026-04-24T20:19:57-07:00,0,0
index.js,12,js,613e36bf,JayManjrekar0827,2026-04-24,20:26:56,-07:00,2026-04-24T20:26:56-07:00,1,59
index.js,13,js,613e36bf,JayManjrekar0827,2026-04-24,20:26:56,-07:00,2026-04-24T20:26:56-07:00,1,60
index.js,14,js,01e6a0a8,JayManjrekar0827,2026-04-24,20:19:57,-07:00,2026-04-24T20:19:57-07:00,0,0
index.js,15,js,613e36bf,JayManjrekar0827,2026-04-24,20:26:56,-07:00,2026-04-24T20:26:56-07:00,1,31
index.js,16,js,613e36bf,JayManjrekar0827,2026-04-24,20:26:56,-07:00,2026-04-24T20:26:56-07:00,2,24
index.js,17,js,613e36bf,JayManjrekar0827,2026-04-24,20:26:56,-07:00,2026-04-24T20:26:56-07:00,3,2
index.js,18,js,613e36bf,JayManjrekar0827,2026-04-24,20:26:56,-07:00,2026-04-24T20:26:56-07:00,4,63
index.js,19,js,613e36bf,JayManjrekar0827,2026-04-24,20:26:56,-07:00,2026-04-24T20:26:56-07:00,4,63
index.js,20,js,613e36bf,JayManjrekar0827,2026-04-24,20:26:56,-07:00,2026-04-24T20:26:56-07:00,4,57
index.js,21,js,613e36bf,JayManjrekar0827,2026-04-24,20:26:56,-07:00,2026-04-24T20:26:56-07:00,4,57
index.js,22,js,613e36bf,JayManjrekar0827,2026-04-24,20:26:56,-07:00,2026-04-24T20:26:56-07:00,3,3
index.js,23,js,613e36bf,JayManjrekar0827,2026-04-24,20:26:56,-07:00,2026-04-24T20:26:56-07:00,2,0
index.js,24,js,613e36bf,JayManjrekar0827,2026-04-24,20:26:56,-07:00,2026-04-24T20:26:56-07:00,1,0
index.js,25,js,01e6a0a8,JayManjrekar0827,2026-04-24,20:19:57,-07:00,2026-04-24T20:19:57-07:00,0,0
index.js,26,js,613e36bf,JayManjrekar0827,2026-04-24,20:26:56,-07:00,2026-04-24T20:26:56-07:00,0,0
index.js,27,js,613e36bf,JayManjrekar0827,2026-04-24,20:26:56,-07:00,2026-04-24T20:26:56-07:00,0,13
index.html,1,html,71cd646,JayManjrekar0827,2026-04-04,17:27:50,-07:00,2026-04-04T17:27:50-07:00,0,13
index.html,2,html,71cd646,JayManjrekar0827,2026-04-04,17:27:50,-07:00,2026-04-04T17:27:50-07:00,0,14
index.html,3,html,71cd646,JayManjrekar0827,2026-04-04,17:27:50,-07:00,2026-04-04T17:27:50-07:00,0,4
index.html,4,html,71cd646,JayManjrekar0827,2026-04-04,17:27:50,-07:00,2026-04-04T17:27:50-07:00,1,20
index.html,5,html,71cd646,JayManjrekar0827,2026-04-04,17:27:50,-07:00,2026-04-04T17:27:50-07:00,1,68
index.html,6,html,98e44f36,JayManjrekar0827,2026-04-04,17:33:29,-07:00,2026-04-04T17:33:29-07:00,1,55
index.html,7,html,71cd646,JayManjrekar0827,2026-04-04,17:27:50,-07:00,2026-04-04T17:27:50-07:00,1,38
index.html,8,html,71cd646,JayManjrekar0827,2026-04-04,17:27:50,-07:00,2026-04-04T17:27:50-07:00,0,5
index.html,9,html,71cd646,JayManjrekar0827,2026-04-04,17:27:50,-07:00,2026-04-04T17:27:50-07:00,0,4
index.html,10,html,88b8e625,JayManjrekar0827,2026-04-04,21:58:26,-07:00,2026-04-04T21:58:26-07:00,1,17
index.html,11,html,88b8e625,JayManjrekar0827,2026-04-04,21:58:26,-07:00,2026-04-04T21:58:26-07:00,2,20
index.html,12,html,88b8e625,JayManjrekar0827,2026-04-04,21:58:26,-07:00,2026-04-04T21:58:26-07:00,2,1
index.html,13,html,88b8e625,JayManjrekar0827,2026-04-04,21:58:26,-07:00,2026-04-04T21:58:26-07:00,3,97
index.html,14,html,88b8e625,JayManjrekar0827,2026-04-04,21:58:26,-07:00,2026-04-04T21:58:26-07:00,3,111
index.html,15,html,88b8e625,JayManjrekar0827,2026-04-04,21:58:26,-07:00,2026-04-04T21:58:26-07:00,3,115
index.html,16,html,88b8e625,JayManjrekar0827,2026-04-04,21:58:26,-07:00,2026-04-04T21:58:26-07:00,3,119
index.html,17,html,88b8e625,JayManjrekar0827,2026-04-04,21:58:26,-07:00,2026-04-04T21:58:26-07:00,2,2
index.html,18,html,88b8e625,JayManjrekar0827,2026-04-04,21:58:26,-07:00,2026-04-04T21:58:26-07:00,2,58
index.html,19,html,01e6a0a8,JayManjrekar0827,2026-04-24,20:19:57,-07:00,2026-04-24T20:19:57-07:00,0,0
index.html,20,html,01e6a0a8,JayManjrekar0827,2026-04-24,20:19:57,-07:00,2026-04-24T20:19:57-07:00,2,7
index.html,21,html,01e6a0a8,JayManjrekar0827,2026-04-24,20:19:57,-07:00,2026-04-24T20:19:57-07:00,3,22
index.html,22,html,01e6a0a8,JayManjrekar0827,2026-04-24,20:19:57,-07:00,2026-04-24T20:19:57-07:00,3,26
index.html,23,html,01e6a0a8,JayManjrekar0827,2026-04-24,20:19:57,-07:00,2026-04-24T20:19:57-07:00,2,8
index.html,24,html,01e6a0a8,JayManjrekar0827,2026-04-24,20:19:57,-07:00,2026-04-24T20:19:57-07:00,0,0
index.html,25,html,01e6a0a8,JayManjrekar0827,2026-04-24,20:19:57,-07:00,2026-04-24T20:19:57-07:00,2,7
index.html,26,html,01e6a0a8,JayManjrekar0827,2026-04-24,20:19:57,-07:00,2026-04-24T20:19:57-07:00,3,27
index.html,27,html,01e6a0a8,JayManjrekar0827,2026-04-24,20:19:57,-07:00,2026-04-24T20:19:57-07:00,3,28
index.html,28,html,01e6a0a8,JayManjrekar0827,2026-04-24,20:19:57,-07:00,2026-04-24T20:19:57-07:00,2,8
index.html,29,html,88b8e625,JayManjrekar0827,2026-04-04,21:58:26,-07:00,2026-04-04T21:58:26-07:00,1,5
index.html,30,html,0b8878e8,JayManjrekar0827,2026-04-17,22:50:46,-07:00,2026-04-17T22:50:46-07:00,1,45
index.html,31,html,01e6a0a8,JayManjrekar0827,2026-04-24,20:19:57,-07:00,2026-04-24T20:19:57-07:00,1,50
index.html,32,html,71cd646,JayManjrekar0827,2026-04-04,17:27:50,-07:00,2026-04-04T17:27:50-07:00,0,5
index.html,33,html,71cd646,JayManjrekar0827,2026-04-04,17:27:50,-07:00,2026-04-04T17:27:50-07:00,0,5
global.js,1,js,b075d81a,JayManjrekar0827,2026-04-17,22:50:43,-07:00,2026-04-17T22:50:43-07:00,0,25
global.js,2,js,b075d81a,JayManjrekar0827,2026-04-17,22:50:43,-07:00,2026-04-17T22:50:43-07:00,0,0
global.js,3,js,b075d81a,JayManjrekar0827,2026-04-17,22:50:43,-07:00,2026-04-17T22:50:43-07:00,0,41
global.js,4,js,b075d81a,JayManjrekar0827,2026-04-17,22:50:43,-07:00,2026-04-17T22:50:43-07:00,1,52
global.js,5,js,b075d81a,JayManjrekar0827,2026-04-17,22:50:43,-07:00,2026-04-17T22:50:43-07:00,0,0
global.js,6,js,b075d81a,JayManjrekar0827,2026-04-17,22:50:43,-07:00,2026-04-17T22:50:43-07:00,0,0
global.js,7,js,b075d81a,JayManjrekar0827,2026-04-17,22:50:43,-07:00,2026-04-17T22:50:43-07:00,0,15
global.js,8,js,b075d81a,JayManjrekar0827,2026-04-17,22:50:43,-07:00,2026-04-17T22:50:43-07:00,1,68
global.js,9,js,b075d81a,JayManjrekar0827,2026-04-17,22:50:43,-07:00,2026-04-17T22:50:43-07:00,2,3
global.js,10,js,b075d81a,JayManjrekar0827,2026-04-17,22:50:43,-07:00,2026-04-17T22:50:43-07:00,2,8
global.js,11,js,b075d81a,JayManjrekar0827,2026-04-17,22:50:43,-07:00,2026-04-17T22:50:43-07:00,4,56
global.js,12,js,b075d81a,JayManjrekar0827,2026-04-17,22:50:43,-07:00,2026-04-17T22:50:43-07:00,4,40
global.js,13,js,b075d81a,JayManjrekar0827,2026-04-17,22:50:43,-07:00,2026-04-17T22:50:43-07:00,3,3
global.js,14,js,b075d81a,JayManjrekar0827,2026-04-17,22:50:43,-07:00,2026-04-17T22:50:43-07:00,0,0
global.js,15,js,b075d81a,JayManjrekar0827,2026-04-17,22:50:43,-07:00,2026-04-17T22:50:43-07:00,0,32
global.js,16,js,b075d81a,JayManjrekar0827,2026-04-17,22:50:43,-07:00,2026-04-17T22:50:43-07:00,1,46
global.js,17,js,b075d81a,JayManjrekar0827,2026-04-17,22:50:43,-07:00,2026-04-17T22:50:43-07:00,1,36
global.js,18,js,b075d81a,JayManjrekar0827,2026-04-17,22:50:43,-07:00,2026-04-17T22:50:43-07:00,2,17
global.js,19,js,b075d81a,JayManjrekar0827,2026-04-17,22:50:43,-07:00,2026-04-17T22:50:43-07:00,1,0
global.js,20,js,b075d81a,JayManjrekar0827,2026-04-17,22:50:43,-07:00,2026-04-17T22:50:43-07:00,1,14
global.js,21,js,b075d81a,JayManjrekar0827,2026-04-17,22:50:43,-07:00,2026-04-17T22:50:43-07:00,0,0
global.js,22,js,b075d81a,JayManjrekar0827,2026-04-17,22:50:43,-07:00,2026-04-17T22:50:43-07:00,0,0
global.js,23,js,b075d81a,JayManjrekar0827,2026-04-17,22:50:43,-07:00,2026-04-17T22:50:43-07:00,0,25
global.js,24,js,b075d81a,JayManjrekar0827,2026-04-17,22:50:43,-07:00,2026-04-17T22:50:43-07:00,1,6
global.js,25,js,b075d81a,JayManjrekar0827,2026-04-17,22:50:43,-07:00,2026-04-17T22:50:43-07:00,2,25
global.js,26,js,b075d81a,JayManjrekar0827,2026-04-17,22:50:43,-07:00,2026-04-17T22:50:43-07:00,2,60
global.js,27,js,b075d81a,JayManjrekar0827,2026-04-17,22:50:43,-07:00,2026-04-17T22:50:43-07:00,1,0
global.js,28,js,b075d81a,JayManjrekar0827,2026-04-17,22:50:43,-07:00,2026-04-17T22:50:43-07:00,0,0
global.js,29,js,b075d81a,JayManjrekar0827,2026-04-17,22:50:43,-07:00,2026-04-17T22:50:43-07:00,0,0
global.js,30,js,7424c560,JayManjrekar0827,2026-04-24,20:19:50,-07:00,2026-04-24T20:19:50-07:00,0,13
global.js,31,js,b075d81a,JayManjrekar0827,2026-04-17,22:50:43,-07:00,2026-04-17T22:50:43-07:00,1,25
global.js,32,js,b075d81a,JayManjrekar0827,2026-04-17,22:50:43,-07:00,2026-04-17T22:50:43-07:00,1,38
global.js,33,js,b075d81a,JayManjrekar0827,2026-04-17,22:50:43,-07:00,2026-04-17T22:50:43-07:00,1,36
global.js,34,js,b075d81a,JayManjrekar0827,2026-04-17,22:50:43,-07:00,2026-04-17T22:50:43-07:00,1,26
global.js,35,js,00e8e69c,JayManjrekar0827,2026-05-08,22:01:13,-07:00,2026-05-08T22:01:13-07:00,1,30
global.js,36,js,b075d81a,JayManjrekar0827,2026-04-17,22:50:43,-07:00,2026-04-17T22:50:43-07:00,1,62
global.js,37,js,b075d81a,JayManjrekar0827,2026-04-17,22:50:43,-07:00,2026-04-17T22:50:43-07:00,1,80
global.js,38,js,b075d81a,JayManjrekar0827,2026-04-17,22:50:43,-07:00,2026-04-17T22:50:43-07:00,0,0
global.js,39,js,b075d81a,JayManjrekar0827,2026-04-17,22:50:43,-07:00,2026-04-17T22:50:43-07:00,0,0
global.js,40,js,b075d81a,JayManjrekar0827,2026-04-17,22:50:43,-07:00,2026-04-17T22:50:43-07:00,0,31
global.js,41,js,b075d81a,JayManjrekar0827,2026-04-17,22:50:43,-07:00,2026-04-17T22:50:43-07:00,1,11
global.js,42,js,b075d81a,JayManjrekar0827,2026-04-17,22:50:43,-07:00,2026-04-17T22:50:43-07:00,1,27
global.js,43,js,b075d81a,JayManjrekar0827,2026-04-17,22:50:43,-07:00,2026-04-17T22:50:43-07:00,2,4
global.js,44,js,b075d81a,JayManjrekar0827,2026-04-17,22:50:43,-07:00,2026-04-17T22:50:43-07:00,2,6
global.js,45,js,b075d81a,JayManjrekar0827,2026-04-17,22:50:43,-07:00,2026-04-17T22:50:43-07:00,3,43
global.js,46,js,b075d81a,JayManjrekar0827,2026-04-17,22:50:43,-07:00,2026-04-17T22:50:43-07:00,3,34
global.js,47,js,b075d81a,JayManjrekar0827,2026-04-17,22:50:43,-07:00,2026-04-17T22:50:43-07:00,3,32
global.js,48,js,b075d81a,JayManjrekar0827,2026-04-17,22:50:43,-07:00,2026-04-17T22:50:43-07:00,2,7
global.js,49,js,b075d81a,JayManjrekar0827,2026-04-17,22:50:43,-07:00,2026-04-17T22:50:43-07:00,1,8
global.js,50,js,b075d81a,JayManjrekar0827,2026-04-17,22:50:43,-07:00,2026-04-17T22:50:43-07:00,0,0
global.js,51,js,b075d81a,JayManjrekar0827,2026-04-17,22:50:43,-07:00,2026-04-17T22:50:43-07:00,0,0
global.js,52,js,7424c560,JayManjrekar0827,2026-04-24,20:19:50,-07:00,2026-04-24T20:19:50-07:00,0,40
global.js,53,js,b075d81a,JayManjrekar0827,2026-04-17,22:50:43,-07:00,2026-04-17T22:50:43-07:00,0,25
global.js,54,js,b075d81a,JayManjrekar0827,2026-04-17,22:50:43,-07:00,2026-04-17T22:50:43-07:00,0,40
global.js,55,js,b075d81a,JayManjrekar0827,2026-04-17,22:50:43,-07:00,2026-04-17T22:50:43-07:00,0,0
global.js,56,js,7424c560,JayManjrekar0827,2026-04-24,20:19:50,-07:00,2026-04-24T20:19:50-07:00,0,40
global.js,57,js,b075d81a,JayManjrekar0827,2026-04-17,22:50:43,-07:00,2026-04-17T22:50:43-07:00,0,28
global.js,58,js,b075d81a,JayManjrekar0827,2026-04-17,22:50:43,-07:00,2026-04-17T22:50:43-07:00,0,21
global.js,59,js,b075d81a,JayManjrekar0827,2026-04-17,22:50:43,-07:00,2026-04-17T22:50:43-07:00,0,34
global.js,60,js,b075d81a,JayManjrekar0827,2026-04-17,22:50:43,-07:00,2026-04-17T22:50:43-07:00,0,16
global.js,61,js,b075d81a,JayManjrekar0827,2026-04-17,22:50:43,-07:00,2026-04-17T22:50:43-07:00,0,0
global.js,62,js,7424c560,JayManjrekar0827,2026-04-24,20:19:50,-07:00,2026-04-24T20:19:50-07:00,0,38
global.js,63,js,b075d81a,JayManjrekar0827,2026-04-17,22:50:43,-07:00,2026-04-17T22:50:43-07:00,0,13
global.js,64,js,b075d81a,JayManjrekar0827,2026-04-17,22:50:43,-07:00,2026-04-17T22:50:43-07:00,0,0
global.js,65,js,7424c560,JayManjrekar0827,2026-04-24,20:19:50,-07:00,2026-04-24T20:19:50-07:00,0,22
global.js,66,js,b075d81a,JayManjrekar0827,2026-04-17,22:50:43,-07:00,2026-04-17T22:50:43-07:00,1,14
global.js,67,js,b075d81a,JayManjrekar0827,2026-04-17,22:50:43,-07:00,2026-04-17T22:50:43-07:00,1,52
global.js,68,js,b075d81a,JayManjrekar0827,2026-04-17,22:50:43,-07:00,2026-04-17T22:50:43-07:00,0,0
global.js,69,js,7424c560,JayManjrekar0827,2026-04-24,20:19:50,-07:00,2026-04-24T20:19:50-07:00,1,36
global.js,70,js,b075d81a,JayManjrekar0827,2026-04-17,22:50:43,-07:00,2026-04-17T22:50:43-07:00,1,11
global.js,71,js,b075d81a,JayManjrekar0827,2026-04-17,22:50:43,-07:00,2026-04-17T22:50:43-07:00,1,22
global.js,72,js,b075d81a,JayManjrekar0827,2026-04-17,22:50:43,-07:00,2026-04-17T22:50:43-07:00,0,0
global.js,73,js,7424c560,JayManjrekar0827,2026-04-24,20:19:50,-07:00,2026-04-24T20:19:50-07:00,1,38
global.js,74,js,b075d81a,JayManjrekar0827,2026-04-17,22:50:43,-07:00,2026-04-17T22:50:43-07:00,1,11
global.js,75,js,b075d81a,JayManjrekar0827,2026-04-17,22:50:43,-07:00,2026-04-17T22:50:43-07:00,1,12
global.js,76,js,b075d81a,JayManjrekar0827,2026-04-17,22:50:43,-07:00,2026-04-17T22:50:43-07:00,0,0
global.js,77,js,b075d81a,JayManjrekar0827,2026-04-17,22:50:43,-07:00,2026-04-17T22:50:43-07:00,1,46
global.js,78,js,b075d81a,JayManjrekar0827,2026-04-17,22:50:43,-07:00,2026-04-17T22:50:43-07:00,0,0
global.js,79,js,b075d81a,JayManjrekar0827,2026-04-17,22:50:43,-07:00,2026-04-17T22:50:43-07:00,1,29
global.js,80,js,b075d81a,JayManjrekar0827,2026-04-17,22:50:43,-07:00,2026-04-17T22:50:43-07:00,2,18
global.js,81,js,b075d81a,JayManjrekar0827,2026-04-17,22:50:43,-07:00,2026-04-17T22:50:43-07:00,2,28
global.js,82,js,b075d81a,JayManjrekar0827,2026-04-17,22:50:43,-07:00,2026-04-17T22:50:43-07:00,1,0
global.js,83,js,b075d81a,JayManjrekar0827,2026-04-17,22:50:43,-07:00,2026-04-17T22:50:43-07:00,0,0
global.js,84,js,b075d81a,JayManjrekar0827,2026-04-17,22:50:43,-07:00,2026-04-17T22:50:43-07:00,0,0
global.js,85,js,b075d81a,JayManjrekar0827,2026-04-17,22:50:43,-07:00,2026-04-17T22:50:43-07:00,0,25
global.js,86,js,b075d81a,JayManjrekar0827,2026-04-17,22:50:43,-07:00,2026-04-17T22:50:43-07:00,0,0
global.js,87,js,b075d81a,JayManjrekar0827,2026-04-17,22:50:43,-07:00,2026-04-17T22:50:43-07:00,0,30
global.js,88,js,b075d81a,JayManjrekar0827,2026-04-17,22:50:43,-07:00,2026-04-17T22:50:43-07:00,1,64
global.js,89,js,b075d81a,JayManjrekar0827,2026-04-17,22:50:43,-07:00,2026-04-17T22:50:43-07:00,1,57
global.js,90,js,b075d81a,JayManjrekar0827,2026-04-17,22:50:43,-07:00,2026-04-17T22:50:43-07:00,1,8
global.js,91,js,b075d81a,JayManjrekar0827,2026-04-17,22:50:43,-07:00,2026-04-17T22:50:43-07:00,2,16
global.js,92,js,b075d81a,JayManjrekar0827,2026-04-17,22:50:43,-07:00,2026-04-17T22:50:43-07:00,1,0
global.js,93,js,b075d81a,JayManjrekar0827,2026-04-17,22:50:43,-07:00,2026-04-17T22:50:43-07:00,0,0
global.js,94,js,b075d81a,JayManjrekar0827,2026-04-17,22:50:43,-07:00,2026-04-17T22:50:43-07:00,0,0
global.js,95,js,b075d81a,JayManjrekar0827,2026-04-17,22:50:43,-07:00,2026-04-17T22:50:43-07:00,0,60
global.js,96,js,b075d81a,JayManjrekar0827,2026-04-17,22:50:43,-07:00,2026-04-17T22:50:43-07:00,0,44
global.js,97,js,b075d81a,JayManjrekar0827,2026-04-17,22:50:43,-07:00,2026-04-17T22:50:43-07:00,1,31
global.js,98,js,b075d81a,JayManjrekar0827,2026-04-17,22:50:43,-07:00,2026-04-17T22:50:43-07:00,1,20
global.js,99,js,b075d81a,JayManjrekar0827,2026-04-17,22:50:43,-07:00,2026-04-17T22:50:43-07:00,1,31
global.js,100,js,b075d81a,JayManjrekar0827,2026-04-17,22:50:43,-07:00,2026-04-17T22:50:43-07:00,0,1
global.js,101,js,b075d81a,JayManjrekar0827,2026-04-17,22:50:43,-07:00,2026-04-17T22:50:43-07:00,0,0
global.js,102,js,b075d81a,JayManjrekar0827,2026-04-17,22:50:43,-07:00,2026-04-17T22:50:43-07:00,0,34
global.js,103,js,b075d81a,JayManjrekar0827,2026-04-17,22:50:43,-07:00,2026-04-17T22:50:43-07:00,1,39
global.js,104,js,b075d81a,JayManjrekar0827,2026-04-17,22:50:43,-07:00,2026-04-17T22:50:43-07:00,0,18
global.js,105,js,b075d81a,JayManjrekar0827,2026-04-17,22:50:43,-07:00,2026-04-17T22:50:43-07:00,1,26
global.js,106,js,b075d81a,JayManjrekar0827,2026-04-17,22:50:43,-07:00,2026-04-17T22:50:43-07:00,0,0
global.js,107,js,7424c560,JayManjrekar0827,2026-04-24,20:19:50,-07:00,2026-04-24T20:19:50-07:00,0,0
global.js,108,js,7424c560,JayManjrekar0827,2026-04-24,20:19:50,-07:00,2026-04-24T20:19:50-07:00,0,36
global.js,109,js,7424c560,JayManjrekar0827,2026-04-24,20:19:50,-07:00,2026-04-24T20:19:50-07:00,1,3
global.js,110,js,7424c560,JayManjrekar0827,2026-04-24,20:19:50,-07:00,2026-04-24T20:19:50-07:00,2,32
global.js,111,js,7424c560,JayManjrekar0827,2026-04-24,20:19:50,-07:00,2026-04-24T20:19:50-07:00,2,17
global.js,112,js,7424c560,JayManjrekar0827,2026-04-24,20:19:50,-07:00,2026-04-24T20:19:50-07:00,3,93
global.js,113,js,7424c560,JayManjrekar0827,2026-04-24,20:19:50,-07:00,2026-04-24T20:19:50-07:00,2,0
global.js,114,js,7424c560,JayManjrekar0827,2026-04-24,20:19:50,-07:00,2026-04-24T20:19:50-07:00,0,0
global.js,115,js,7424c560,JayManjrekar0827,2026-04-24,20:19:50,-07:00,2026-04-24T20:19:50-07:00,2,33
global.js,116,js,7424c560,JayManjrekar0827,2026-04-24,20:19:50,-07:00,2026-04-24T20:19:50-07:00,2,10
global.js,117,js,7424c560,JayManjrekar0827,2026-04-24,20:19:50,-07:00,2026-04-24T20:19:50-07:00,1,15
global.js,118,js,7424c560,JayManjrekar0827,2026-04-24,20:19:50,-07:00,2026-04-24T20:19:50-07:00,2,59
global.js,119,js,7424c560,JayManjrekar0827,2026-04-24,20:19:50,-07:00,2026-04-24T20:19:50-07:00,2,8
global.js,120,js,7424c560,JayManjrekar0827,2026-04-24,20:19:50,-07:00,2026-04-24T20:19:50-07:00,1,0
global.js,121,js,7424c560,JayManjrekar0827,2026-04-24,20:19:50,-07:00,2026-04-24T20:19:50-07:00,0,0
global.js,122,js,7424c560,JayManjrekar0827,2026-04-24,20:19:50,-07:00,2026-04-24T20:19:50-07:00,0,0
global.js,123,js,7424c560,JayManjrekar0827,2026-04-24,20:19:50,-07:00,2026-04-24T20:19:50-07:00,0,44
global.js,124,js,7424c560,JayManjrekar0827,2026-04-24,20:19:50,-07:00,2026-04-24T20:19:50-07:00,1,57
global.js,125,js,7424c560,JayManjrekar0827,2026-04-24,20:19:50,-07:00,2026-04-24T20:19:50-07:00,0,0
global.js,126,js,7424c560,JayManjrekar0827,2026-04-24,20:19:50,-07:00,2026-04-24T20:19:50-07:00,0,0
global.js,127,js,7424c560,JayManjrekar0827,2026-04-24,20:19:50,-07:00,2026-04-24T20:19:50-07:00,0,79
global.js,128,js,7424c560,JayManjrekar0827,2026-04-24,20:19:50,-07:00,2026-04-24T20:19:50-07:00,1,43
global.js,129,js,7424c560,JayManjrekar0827,2026-04-24,20:19:50,-07:00,2026-04-24T20:19:50-07:00,2,66
global.js,130,js,7424c560,JayManjrekar0827,2026-04-24,20:19:50,-07:00,2026-04-24T20:19:50-07:00,2,5
global.js,131,js,7424c560,JayManjrekar0827,2026-04-24,20:19:50,-07:00,2026-04-24T20:19:50-07:00,1,0
global.js,132,js,7424c560,JayManjrekar0827,2026-04-24,20:19:50,-07:00,2026-04-24T20:19:50-07:00,0,0
global.js,133,js,7424c560,JayManjrekar0827,2026-04-24,20:19:50,-07:00,2026-04-24T20:19:50-07:00,1,30
global.js,134,js,7424c560,JayManjrekar0827,2026-04-24,20:19:50,-07:00,2026-04-24T20:19:50-07:00,0,0
global.js,135,js,7424c560,JayManjrekar0827,2026-04-24,20:19:50,-07:00,2026-04-24T20:19:50-07:00,1,54
global.js,136,js,7424c560,JayManjrekar0827,2026-04-24,20:19:50,-07:00,2026-04-24T20:19:50-07:00,2,63
global.js,137,js,7424c560,JayManjrekar0827,2026-04-24,20:19:50,-07:00,2026-04-24T20:19:50-07:00,2,5
global.js,138,js,7424c560,JayManjrekar0827,2026-04-24,20:19:50,-07:00,2026-04-24T20:19:50-07:00,1,0
global.js,139,js,7424c560,JayManjrekar0827,2026-04-24,20:19:50,-07:00,2026-04-24T20:19:50-07:00,0,0
global.js,140,js,7424c560,JayManjrekar0827,2026-04-24,20:19:50,-07:00,2026-04-24T20:19:50-07:00,1,54
global.js,141,js,7424c560,JayManjrekar0827,2026-04-24,20:19:50,-07:00,2026-04-24T20:19:50-07:00,0,0
global.js,142,js,7424c560,JayManjrekar0827,2026-04-24,20:19:50,-07:00,2026-04-24T20:19:50-07:00,1,31
global.js,143,js,7424c560,JayManjrekar0827,2026-04-24,20:19:50,-07:00,2026-04-24T20:19:50-07:00,2,48
global.js,144,js,7424c560,JayManjrekar0827,2026-04-24,20:19:50,-07:00,2026-04-24T20:19:50-07:00,0,0
global.js,145,js,7424c560,JayManjrekar0827,2026-04-24,20:19:50,-07:00,2026-04-24T20:19:50-07:00,2,48
global.js,146,js,7424c560,JayManjrekar0827,2026-04-24,20:19:50,-07:00,2026-04-24T20:19:50-07:00,2,85
global.js,147,js,7424c560,JayManjrekar0827,2026-04-24,20:19:50,-07:00,2026-04-24T20:19:50-07:00,2,68
global.js,148,js,a027940d,JayManjrekar0827,2026-05-01,20:01:24,-07:00,2026-05-01T20:01:24-07:00,2,83
global.js,149,js,7424c560,JayManjrekar0827,2026-04-24,20:19:50,-07:00,2026-04-24T20:19:50-07:00,0,0
global.js,150,js,7424c560,JayManjrekar0827,2026-04-24,20:19:50,-07:00,2026-04-24T20:19:50-07:00,2,19
global.js,151,js,7424c560,JayManjrekar0827,2026-04-24,20:19:50,-07:00,2026-04-24T20:19:50-07:00,3,39
global.js,152,js,7424c560,JayManjrekar0827,2026-04-24,20:19:50,-07:00,2026-04-24T20:19:50-07:00,3,33
global.js,153,js,a027940d,JayManjrekar0827,2026-05-01,20:01:24,-07:00,2026-05-01T20:01:24-07:00,3,24
global.js,154,js,a027940d,JayManjrekar0827,2026-05-01,20:01:24,-07:00,2026-05-01T20:01:24-07:00,4,19
global.js,155,js,a791e6d5,JayManjrekar0827,2026-05-01,20:15:16,-07:00,2026-05-01T20:15:16-07:00,4,53
global.js,156,js,a027940d,JayManjrekar0827,2026-05-01,20:01:24,-07:00,2026-05-01T20:01:24-07:00,3,4
global.js,157,js,7424c560,JayManjrekar0827,2026-04-24,20:19:50,-07:00,2026-04-24T20:19:50-07:00,2,0
global.js,158,js,7424c560,JayManjrekar0827,2026-04-24,20:19:50,-07:00,2026-04-24T20:19:50-07:00,0,0
global.js,159,js,7424c560,JayManjrekar0827,2026-04-24,20:19:50,-07:00,2026-04-24T20:19:50-07:00,2,36
global.js,160,js,7424c560,JayManjrekar0827,2026-04-24,20:19:50,-07:00,2026-04-24T20:19:50-07:00,1,0
global.js,161,js,7424c560,JayManjrekar0827,2026-04-24,20:19:50,-07:00,2026-04-24T20:19:50-07:00,0,0
global.js,162,js,7424c560,JayManjrekar0827,2026-04-24,20:19:50,-07:00,2026-04-24T20:19:50-07:00,0,0
global.js,163,js,7424c560,JayManjrekar0827,2026-04-24,20:19:50,-07:00,2026-04-24T20:19:50-07:00,0,47
global.js,164,js,7424c560,JayManjrekar0827,2026-04-24,20:19:50,-07:00,2026-04-24T20:19:50-07:00,1,59
global.js,165,js,7424c560,JayManjrekar0827,2026-04-24,20:19:50,-07:00,2026-04-24T20:19:50-07:00,0,0
global.js,166,js,7424c560,JayManjrekar0827,2026-04-24,20:19:50,-07:00,2026-04-24T20:19:50-07:00,0,0
global.js,167,js,7424c560,JayManjrekar0827,2026-04-24,20:19:50,-07:00,2026-04-24T20:19:50-07:00,0,23
projects/projects.js,1,js,cd352672,JayManjrekar0827,2026-05-01,20:01:27,-07:00,2026-05-01T20:01:27-07:00,0,63
projects/projects.js,2,js,b46f2ebf,JayManjrekar0827,2026-04-24,20:19:53,-07:00,2026-04-24T20:19:53-07:00,0,55
projects/projects.js,3,js,b46f2ebf,JayManjrekar0827,2026-04-24,20:19:53,-07:00,2026-04-24T20:19:53-07:00,0,0
projects/projects.js,4,js,cd352672,JayManjrekar0827,2026-05-01,20:01:27,-07:00,2026-05-01T20:01:27-07:00,0,19
projects/projects.js,5,js,cd352672,JayManjrekar0827,2026-05-01,20:01:27,-07:00,2026-05-01T20:01:27-07:00,0,13
projects/projects.js,6,js,cd352672,JayManjrekar0827,2026-05-01,20:01:27,-07:00,2026-05-01T20:01:27-07:00,0,21
projects/projects.js,7,js,cd352672,JayManjrekar0827,2026-05-01,20:01:27,-07:00,2026-05-01T20:01:27-07:00,0,0
projects/projects.js,8,js,cd352672,JayManjrekar0827,2026-05-01,20:01:27,-07:00,2026-05-01T20:01:27-07:00,0,60
projects/projects.js,9,js,cd352672,JayManjrekar0827,2026-05-01,20:01:27,-07:00,2026-05-01T20:01:27-07:00,0,55
projects/projects.js,10,js,cd352672,JayManjrekar0827,2026-05-01,20:01:27,-07:00,2026-05-01T20:01:27-07:00,0,61
projects/projects.js,11,js,cd352672,JayManjrekar0827,2026-05-01,20:01:27,-07:00,2026-05-01T20:01:27-07:00,0,0
projects/projects.js,12,js,cd352672,JayManjrekar0827,2026-05-01,20:01:27,-07:00,2026-05-01T20:01:27-07:00,0,28
projects/projects.js,13,js,cd352672,JayManjrekar0827,2026-05-01,20:01:27,-07:00,2026-05-01T20:01:27-07:00,1,35
projects/projects.js,14,js,cd352672,JayManjrekar0827,2026-05-01,20:01:27,-07:00,2026-05-01T20:01:27-07:00,1,7
projects/projects.js,15,js,cd352672,JayManjrekar0827,2026-05-01,20:01:27,-07:00,2026-05-01T20:01:27-07:00,2,25
projects/projects.js,16,js,cd352672,JayManjrekar0827,2026-05-01,20:01:27,-07:00,2026-05-01T20:01:27-07:00,1,0
projects/projects.js,17,js,cd352672,JayManjrekar0827,2026-05-01,20:01:27,-07:00,2026-05-01T20:01:27-07:00,1,38
projects/projects.js,18,js,cd352672,JayManjrekar0827,2026-05-01,20:01:27,-07:00,2026-05-01T20:01:27-07:00,2,61
projects/projects.js,19,js,cd352672,JayManjrekar0827,2026-05-01,20:01:27,-07:00,2026-05-01T20:01:27-07:00,2,24
projects/projects.js,20,js,cd352672,JayManjrekar0827,2026-05-01,20:01:27,-07:00,2026-05-01T20:01:27-07:00,1,1
projects/projects.js,21,js,cd352672,JayManjrekar0827,2026-05-01,20:01:27,-07:00,2026-05-01T20:01:27-07:00,0,0
projects/projects.js,22,js,cd352672,JayManjrekar0827,2026-05-01,20:01:27,-07:00,2026-05-01T20:01:27-07:00,0,0
projects/projects.js,23,js,cd352672,JayManjrekar0827,2026-05-01,20:01:27,-07:00,2026-05-01T20:01:27-07:00,0,35
projects/projects.js,24,js,cd352672,JayManjrekar0827,2026-05-01,20:01:27,-07:00,2026-05-01T20:01:27-07:00,1,24
projects/projects.js,25,js,cd352672,JayManjrekar0827,2026-05-01,20:01:27,-07:00,2026-05-01T20:01:27-07:00,2,13
projects/projects.js,26,js,cd352672,JayManjrekar0827,2026-05-01,20:01:27,-07:00,2026-05-01T20:01:27-07:00,2,14
projects/projects.js,27,js,cd352672,JayManjrekar0827,2026-05-01,20:01:27,-07:00,2026-05-01T20:01:27-07:00,2,12
projects/projects.js,28,js,cd352672,JayManjrekar0827,2026-05-01,20:01:27,-07:00,2026-05-01T20:01:27-07:00,1,0
projects/projects.js,29,js,cd352672,JayManjrekar0827,2026-05-01,20:01:27,-07:00,2026-05-01T20:01:27-07:00,1,37
projects/projects.js,30,js,cd352672,JayManjrekar0827,2026-05-01,20:01:27,-07:00,2026-05-01T20:01:27-07:00,2,11
projects/projects.js,31,js,cd352672,JayManjrekar0827,2026-05-01,20:01:27,-07:00,2026-05-01T20:01:27-07:00,2,24
projects/projects.js,32,js,cd352672,JayManjrekar0827,2026-05-01,20:01:27,-07:00,2026-05-01T20:01:27-07:00,1,2
projects/projects.js,33,js,cd352672,JayManjrekar0827,2026-05-01,20:01:27,-07:00,2026-05-01T20:01:27-07:00,0,0
projects/projects.js,34,js,cd352672,JayManjrekar0827,2026-05-01,20:01:27,-07:00,2026-05-01T20:01:27-07:00,0,0
projects/projects.js,35,js,cd352672,JayManjrekar0827,2026-05-01,20:01:27,-07:00,2026-05-01T20:01:27-07:00,0,29
projects/projects.js,36,js,cd352672,JayManjrekar0827,2026-05-01,20:01:27,-07:00,2026-05-01T20:01:27-07:00,1,41
projects/projects.js,37,js,cd352672,JayManjrekar0827,2026-05-01,20:01:27,-07:00,2026-05-01T20:01:27-07:00,1,41
projects/projects.js,38,js,cd352672,JayManjrekar0827,2026-05-01,20:01:27,-07:00,2026-05-01T20:01:27-07:00,1,57
projects/projects.js,39,js,cd352672,JayManjrekar0827,2026-05-01,20:01:27,-07:00,2026-05-01T20:01:27-07:00,2,20
projects/projects.js,40,js,cd352672,JayManjrekar0827,2026-05-01,20:01:27,-07:00,2026-05-01T20:01:27-07:00,1,0
projects/projects.js,41,js,cd352672,JayManjrekar0827,2026-05-01,20:01:27,-07:00,2026-05-01T20:01:27-07:00,1,40
projects/projects.js,42,js,cd352672,JayManjrekar0827,2026-05-01,20:01:27,-07:00,2026-05-01T20:01:27-07:00,1,65
projects/projects.js,43,js,cd352672,JayManjrekar0827,2026-05-01,20:01:27,-07:00,2026-05-01T20:01:27-07:00,0,0
projects/projects.js,44,js,cd352672,JayManjrekar0827,2026-05-01,20:01:27,-07:00,2026-05-01T20:01:27-07:00,0,0
projects/projects.js,45,js,cd352672,JayManjrekar0827,2026-05-01,20:01:27,-07:00,2026-05-01T20:01:27-07:00,0,39
projects/projects.js,46,js,cd352672,JayManjrekar0827,2026-05-01,20:01:27,-07:00,2026-05-01T20:01:27-07:00,1,42
projects/projects.js,47,js,cd352672,JayManjrekar0827,2026-05-01,20:01:27,-07:00,2026-05-01T20:01:27-07:00,1,34
projects/projects.js,48,js,cd352672,JayManjrekar0827,2026-05-01,20:01:27,-07:00,2026-05-01T20:01:27-07:00,0,0
projects/projects.js,49,js,cd352672,JayManjrekar0827,2026-05-01,20:01:27,-07:00,2026-05-01T20:01:27-07:00,1,29
projects/projects.js,50,js,cd352672,JayManjrekar0827,2026-05-01,20:01:27,-07:00,2026-05-01T20:01:27-07:00,1,30
projects/projects.js,51,js,cd352672,JayManjrekar0827,2026-05-01,20:01:27,-07:00,2026-05-01T20:01:27-07:00,0,0
projects/projects.js,52,js,cd352672,JayManjrekar0827,2026-05-01,20:01:27,-07:00,2026-05-01T20:01:27-07:00,1,38
projects/projects.js,53,js,cd352672,JayManjrekar0827,2026-05-01,20:01:27,-07:00,2026-05-01T20:01:27-07:00,1,17
projects/projects.js,54,js,cd352672,JayManjrekar0827,2026-05-01,20:01:27,-07:00,2026-05-01T20:01:27-07:00,2,5
projects/projects.js,55,js,cd352672,JayManjrekar0827,2026-05-01,20:01:27,-07:00,2026-05-01T20:01:27-07:00,1,0
projects/projects.js,56,js,cd352672,JayManjrekar0827,2026-05-01,20:01:27,-07:00,2026-05-01T20:01:27-07:00,0,0
projects/projects.js,57,js,cd352672,JayManjrekar0827,2026-05-01,20:01:27,-07:00,2026-05-01T20:01:27-07:00,1,49
projects/projects.js,58,js,cd352672,JayManjrekar0827,2026-05-01,20:01:27,-07:00,2026-05-01T20:01:27-07:00,1,52
projects/projects.js,59,js,cd352672,JayManjrekar0827,2026-05-01,20:01:27,-07:00,2026-05-01T20:01:27-07:00,1,59
projects/projects.js,60,js,cd352672,JayManjrekar0827,2026-05-01,20:01:27,-07:00,2026-05-01T20:01:27-07:00,1,35
projects/projects.js,61,js,cd352672,JayManjrekar0827,2026-05-01,20:01:27,-07:00,2026-05-01T20:01:27-07:00,1,47
projects/projects.js,62,js,cd352672,JayManjrekar0827,2026-05-01,20:01:27,-07:00,2026-05-01T20:01:27-07:00,0,0
projects/projects.js,63,js,cd352672,JayManjrekar0827,2026-05-01,20:01:27,-07:00,2026-05-01T20:01:27-07:00,1,28
projects/projects.js,64,js,cd352672,JayManjrekar0827,2026-05-01,20:01:27,-07:00,2026-05-01T20:01:27-07:00,2,1
projects/projects.js,65,js,cd352672,JayManjrekar0827,2026-05-01,20:01:27,-07:00,2026-05-01T20:01:27-07:00,3,13
projects/projects.js,66,js,cd352672,JayManjrekar0827,2026-05-01,20:01:27,-07:00,2026-05-01T20:01:27-07:00,3,17
projects/projects.js,67,js,cd352672,JayManjrekar0827,2026-05-01,20:01:27,-07:00,2026-05-01T20:01:27-07:00,3,22
projects/projects.js,68,js,cd352672,JayManjrekar0827,2026-05-01,20:01:27,-07:00,2026-05-01T20:01:27-07:00,3,53
projects/projects.js,69,js,cd352672,JayManjrekar0827,2026-05-01,20:01:27,-07:00,2026-05-01T20:01:27-07:00,3,18
projects/projects.js,70,js,cd352672,JayManjrekar0827,2026-05-01,20:01:27,-07:00,2026-05-01T20:01:27-07:00,4,43
projects/projects.js,71,js,cd352672,JayManjrekar0827,2026-05-01,20:01:27,-07:00,2026-05-01T20:01:27-07:00,4,11
projects/projects.js,72,js,cd352672,JayManjrekar0827,2026-05-01,20:01:27,-07:00,2026-05-01T20:01:27-07:00,3,1
projects/projects.js,73,js,cd352672,JayManjrekar0827,2026-05-01,20:01:27,-07:00,2026-05-01T20:01:27-07:00,1,1
projects/projects.js,74,js,cd352672,JayManjrekar0827,2026-05-01,20:01:27,-07:00,2026-05-01T20:01:27-07:00,0,0
projects/projects.js,75,js,cd352672,JayManjrekar0827,2026-05-01,20:01:27,-07:00,2026-05-01T20:01:27-07:00,1,24
projects/projects.js,76,js,cd352672,JayManjrekar0827,2026-05-01,20:01:27,-07:00,2026-05-01T20:01:27-07:00,2,4
projects/projects.js,77,js,cd352672,JayManjrekar0827,2026-05-01,20:01:27,-07:00,2026-05-01T20:01:27-07:00,3,11
projects/projects.js,78,js,cd352672,JayManjrekar0827,2026-05-01,20:01:27,-07:00,2026-05-01T20:01:27-07:00,3,74
projects/projects.js,79,js,cd352672,JayManjrekar0827,2026-05-01,20:01:27,-07:00,2026-05-01T20:01:27-07:00,3,38
projects/projects.js,80,js,cd352672,JayManjrekar0827,2026-05-01,20:01:27,-07:00,2026-05-01T20:01:27-07:00,3,68
projects/projects.js,81,js,cd352672,JayManjrekar0827,2026-05-01,20:01:27,-07:00,2026-05-01T20:01:27-07:00,3,18
projects/projects.js,82,js,cd352672,JayManjrekar0827,2026-05-01,20:01:27,-07:00,2026-05-01T20:01:27-07:00,4,47
projects/projects.js,83,js,cd352672,JayManjrekar0827,2026-05-01,20:01:27,-07:00,2026-05-01T20:01:27-07:00,4,11
projects/projects.js,84,js,cd352672,JayManjrekar0827,2026-05-01,20:01:27,-07:00,2026-05-01T20:01:27-07:00,3,1
projects/projects.js,85,js,cd352672,JayManjrekar0827,2026-05-01,20:01:27,-07:00,2026-05-01T20:01:27-07:00,1,1
projects/projects.js,86,js,cd352672,JayManjrekar0827,2026-05-01,20:01:27,-07:00,2026-05-01T20:01:27-07:00,0,0
projects/projects.js,87,js,cd352672,JayManjrekar0827,2026-05-01,20:01:27,-07:00,2026-05-01T20:01:27-07:00,0,0
projects/projects.js,88,js,cd352672,JayManjrekar0827,2026-05-01,20:01:27,-07:00,2026-05-01T20:01:27-07:00,0,21
projects/projects.js,89,js,cd352672,JayManjrekar0827,2026-05-01,20:01:27,-07:00,2026-05-01T20:01:27-07:00,1,41
projects/projects.js,90,js,cd352672,JayManjrekar0827,2026-05-01,20:01:27,-07:00,2026-05-01T20:01:27-07:00,1,41
projects/projects.js,91,js,cd352672,JayManjrekar0827,2026-05-01,20:01:27,-07:00,2026-05-01T20:01:27-07:00,1,36
projects/projects.js,92,js,cd352672,JayManjrekar0827,2026-05-01,20:01:27,-07:00,2026-05-01T20:01:27-07:00,2,17
projects/projects.js,93,js,cd352672,JayManjrekar0827,2026-05-01,20:01:27,-07:00,2026-05-01T20:01:27-07:00,1,0
projects/projects.js,94,js,cd352672,JayManjrekar0827,2026-05-01,20:01:27,-07:00,2026-05-01T20:01:27-07:00,1,35
projects/projects.js,95,js,b46f2ebf,JayManjrekar0827,2026-04-24,20:19:53,-07:00,2026-04-24T20:19:53-07:00,0,0
projects/projects.js,96,js,613e36bf,JayManjrekar0827,2026-04-24,20:26:56,-07:00,2026-04-24T20:26:56-07:00,1,22
projects/projects.js,97,js,cd352672,JayManjrekar0827,2026-05-01,20:01:27,-07:00,2026-05-01T20:01:27-07:00,2,47
projects/projects.js,98,js,613e36bf,JayManjrekar0827,2026-04-24,20:26:56,-07:00,2026-04-24T20:26:56-07:00,1,0
projects/projects.js,99,js,b46f2ebf,JayManjrekar0827,2026-04-24,20:19:53,-07:00,2026-04-24T20:19:53-07:00,0,0
projects/projects.js,100,js,cd352672,JayManjrekar0827,2026-05-01,20:01:27,-07:00,2026-05-01T20:01:27-07:00,1,29
projects/projects.js,101,js,cd352672,JayManjrekar0827,2026-05-01,20:01:27,-07:00,2026-05-01T20:01:27-07:00,0,0
projects/projects.js,102,js,cd352672,JayManjrekar0827,2026-05-01,20:01:27,-07:00,2026-05-01T20:01:27-07:00,1,47
projects/projects.js,103,js,cd352672,JayManjrekar0827,2026-05-01,20:01:27,-07:00,2026-05-01T20:01:27-07:00,2,58
projects/projects.js,104,js,613e36bf,JayManjrekar0827,2026-04-24,20:26:56,-07:00,2026-04-24T20:26:56-07:00,1,0
projects/projects.js,105,js,b46f2ebf,JayManjrekar0827,2026-04-24,20:19:53,-07:00,2026-04-24T20:19:53-07:00,0,0
projects/projects.js,106,js,613e36bf,JayManjrekar0827,2026-04-24,20:26:56,-07:00,2026-04-24T20:26:56-07:00,0,0
projects/projects.js,107,js,cd352672,JayManjrekar0827,2026-05-01,20:01:27,-07:00,2026-05-01T20:01:27-07:00,0,33
projects/projects.js,108,js,cd352672,JayManjrekar0827,2026-05-01,20:01:27,-07:00,2026-05-01T20:01:27-07:00,1,52
projects/projects.js,109,js,cd352672,JayManjrekar0827,2026-05-01,20:01:27,-07:00,2026-05-01T20:01:27-07:00,1,32
projects/projects.js,110,js,cd352672,JayManjrekar0827,2026-05-01,20:01:27,-07:00,2026-05-01T20:01:27-07:00,2,15
projects/projects.js,111,js,cd352672,JayManjrekar0827,2026-05-01,20:01:27,-07:00,2026-05-01T20:01:27-07:00,1,0
projects/projects.js,112,js,cd352672,JayManjrekar0827,2026-05-01,20:01:27,-07:00,2026-05-01T20:01:27-07:00,0,0
projects/projects.js,113,js,cd352672,JayManjrekar0827,2026-05-01,20:01:27,-07:00,2026-05-01T20:01:27-07:00,1,11
projects/projects.js,114,js,cd352672,JayManjrekar0827,2026-05-01,20:01:27,-07:00,2026-05-01T20:01:27-07:00,0,0
projects/projects.js,115,js,cd352672,JayManjrekar0827,2026-05-01,20:01:27,-07:00,2026-05-01T20:01:27-07:00,1,49
projects/projects.js,116,js,cd352672,JayManjrekar0827,2026-05-01,20:01:27,-07:00,2026-05-01T20:01:27-07:00,2,25
projects/projects.js,117,js,cd352672,JayManjrekar0827,2026-05-01,20:01:27,-07:00,2026-05-01T20:01:27-07:00,2,17
projects/projects.js,118,js,cd352672,JayManjrekar0827,2026-05-01,20:01:27,-07:00,2026-05-01T20:01:27-07:00,2,11
projects/projects.js,119,js,cd352672,JayManjrekar0827,2026-05-01,20:01:27,-07:00,2026-05-01T20:01:27-07:00,1,1
projects/projects.js,120,js,cd352672,JayManjrekar0827,2026-05-01,20:01:27,-07:00,2026-05-01T20:01:27-07:00,0,0
projects/projects.js,121,js,cd352672,JayManjrekar0827,2026-05-01,20:01:27,-07:00,2026-05-01T20:01:27-07:00,0,0
projects/projects.js,122,js,613e36bf,JayManjrekar0827,2026-04-24,20:26:56,-07:00,2026-04-24T20:26:56-07:00,0,17
projects/index.html,1,html,71cd646,JayManjrekar0827,2026-04-04,17:27:50,-07:00,2026-04-04T17:27:50-07:00,0,13
projects/index.html,2,html,71cd646,JayManjrekar0827,2026-04-04,17:27:50,-07:00,2026-04-04T17:27:50-07:00,0,14
projects/index.html,3,html,71cd646,JayManjrekar0827,2026-04-04,17:27:50,-07:00,2026-04-04T17:27:50-07:00,0,4
projects/index.html,4,html,71cd646,JayManjrekar0827,2026-04-04,17:27:50,-07:00,2026-04-04T17:27:50-07:00,1,20
projects/index.html,5,html,71cd646,JayManjrekar0827,2026-04-04,17:27:50,-07:00,2026-04-04T17:27:50-07:00,1,68
projects/index.html,6,html,98e44f36,JayManjrekar0827,2026-04-04,17:33:29,-07:00,2026-04-04T17:33:29-07:00,1,37
projects/index.html,7,html,71cd646,JayManjrekar0827,2026-04-04,17:27:50,-07:00,2026-04-04T17:27:50-07:00,1,41
projects/index.html,8,html,71cd646,JayManjrekar0827,2026-04-04,17:27:50,-07:00,2026-04-04T17:27:50-07:00,0,5
projects/index.html,9,html,71cd646,JayManjrekar0827,2026-04-04,17:27:50,-07:00,2026-04-04T17:27:50-07:00,0,4
projects/index.html,10,html,88b8e625,JayManjrekar0827,2026-04-04,21:58:26,-07:00,2026-04-04T21:58:26-07:00,1,17
projects/index.html,11,html,b46f2ebf,JayManjrekar0827,2026-04-24,20:19:53,-07:00,2026-04-24T20:19:53-07:00,2,38
projects/index.html,12,html,98e44f36,JayManjrekar0827,2026-04-04,17:33:29,-07:00,2026-04-04T17:33:29-07:00,0,0
projects/index.html,13,html,ed026361,JayManjrekar0827,2026-05-01,20:01:25,-07:00,2026-05-01T20:01:25-07:00,2,24
projects/index.html,14,html,ed026361,JayManjrekar0827,2026-05-01,20:01:25,-07:00,2026-05-01T20:01:25-07:00,3,31
projects/index.html,15,html,ed026361,JayManjrekar0827,2026-05-01,20:01:25,-07:00,2026-05-01T20:01:25-07:00,4,100
projects/index.html,16,html,ed026361,JayManjrekar0827,2026-05-01,20:01:25,-07:00,2026-05-01T20:01:25-07:00,4,22
projects/index.html,17,html,ed026361,JayManjrekar0827,2026-05-01,20:01:25,-07:00,2026-05-01T20:01:25-07:00,3,4
projects/index.html,18,html,ed026361,JayManjrekar0827,2026-05-01,20:01:25,-07:00,2026-05-01T20:01:25-07:00,3,4
projects/index.html,19,html,ed026361,JayManjrekar0827,2026-05-01,20:01:25,-07:00,2026-05-01T20:01:25-07:00,4,15
projects/index.html,20,html,ed026361,JayManjrekar0827,2026-05-01,20:01:25,-07:00,2026-05-01T20:01:25-07:00,4,11
projects/index.html,21,html,ed026361,JayManjrekar0827,2026-05-01,20:01:25,-07:00,2026-05-01T20:01:25-07:00,4,26
projects/index.html,22,html,ed026361,JayManjrekar0827,2026-05-01,20:01:25,-07:00,2026-05-01T20:01:25-07:00,4,28
projects/index.html,23,html,ed026361,JayManjrekar0827,2026-05-01,20:01:25,-07:00,2026-05-01T20:01:25-07:00,3,0
projects/index.html,24,html,ed026361,JayManjrekar0827,2026-05-01,20:01:25,-07:00,2026-05-01T20:01:25-07:00,2,4
projects/index.html,25,html,ed026361,JayManjrekar0827,2026-05-01,20:01:25,-07:00,2026-05-01T20:01:25-07:00,0,0
projects/index.html,26,html,b46f2ebf,JayManjrekar0827,2026-04-24,20:19:53,-07:00,2026-04-24T20:19:53-07:00,2,26
projects/index.html,27,html,88b8e625,JayManjrekar0827,2026-04-04,21:58:26,-07:00,2026-04-04T21:58:26-07:00,1,5
projects/index.html,28,html,0b8878e8,JayManjrekar0827,2026-04-17,22:50:46,-07:00,2026-04-17T22:50:46-07:00,1,48
projects/index.html,29,html,b46f2ebf,JayManjrekar0827,2026-04-24,20:19:53,-07:00,2026-04-24T20:19:53-07:00,1,47
projects/index.html,30,html,71cd646,JayManjrekar0827,2026-04-04,17:27:50,-07:00,2026-04-04T17:27:50-07:00,0,5
projects/index.html,31,html,71cd646,JayManjrekar0827,2026-04-04,17:27:50,-07:00,2026-04-04T17:27:50-07:00,0,5
meta/main.js,1,js,00e8e69c,JayManjrekar0827,2026-05-08,22:01:13,-07:00,2026-05-08T22:01:13-07:00,0,63
meta/main.js,2,js,00e8e69c,JayManjrekar0827,2026-05-08,22:01:13,-07:00,2026-05-08T22:01:13-07:00,0,0
meta/main.js,3,js,a82ee2c7,JayManjrekar0827,2026-05-08,22:02:05,-07:00,2026-05-08T22:02:05-07:00,0,63
meta/main.js,4,js,a82ee2c7,JayManjrekar0827,2026-05-08,22:02:05,-07:00,2026-05-08T22:02:05-07:00,0,0
meta/main.js,5,js,fcf89b7c,JayManjrekar0827,2026-05-08,22:02:17,-07:00,2026-05-08T22:02:17-07:00,0,9
meta/main.js,6,js,fcf89b7c,JayManjrekar0827,2026-05-08,22:02:17,-07:00,2026-05-08T22:02:17-07:00,0,9
meta/main.js,7,js,fcf89b7c,JayManjrekar0827,2026-05-08,22:02:17,-07:00,2026-05-08T22:02:17-07:00,0,15
meta/main.js,8,js,fcf89b7c,JayManjrekar0827,2026-05-08,22:02:17,-07:00,2026-05-08T22:02:17-07:00,0,0
meta/main.js,9,js,00e8e69c,JayManjrekar0827,2026-05-08,22:01:13,-07:00,2026-05-08T22:01:13-07:00,0,25
meta/main.js,10,js,00e8e69c,JayManjrekar0827,2026-05-08,22:01:13,-07:00,2026-05-08T22:01:13-07:00,1,46
meta/main.js,11,js,00e8e69c,JayManjrekar0827,2026-05-08,22:01:13,-07:00,2026-05-08T22:01:13-07:00,2,5
meta/main.js,12,js,00e8e69c,JayManjrekar0827,2026-05-08,22:01:13,-07:00,2026-05-08T22:01:13-07:00,2,21
meta/main.js,13,js,00e8e69c,JayManjrekar0827,2026-05-08,22:01:13,-07:00,2026-05-08T22:01:13-07:00,2,23
meta/main.js,14,js,00e8e69c,JayManjrekar0827,2026-05-08,22:01:13,-07:00,2026-05-08T22:01:13-07:00,2,25
meta/main.js,15,js,00e8e69c,JayManjrekar0827,2026-05-08,22:01:13,-07:00,2026-05-08T22:01:13-07:00,2,49
meta/main.js,16,js,00e8e69c,JayManjrekar0827,2026-05-08,22:01:13,-07:00,2026-05-08T22:01:13-07:00,2,31
meta/main.js,17,js,00e8e69c,JayManjrekar0827,2026-05-08,22:01:13,-07:00,2026-05-08T22:01:13-07:00,1,2
meta/main.js,18,js,00e8e69c,JayManjrekar0827,2026-05-08,22:01:13,-07:00,2026-05-08T22:01:13-07:00,0,0
meta/main.js,19,js,00e8e69c,JayManjrekar0827,2026-05-08,22:01:13,-07:00,2026-05-08T22:01:13-07:00,1,10
meta/main.js,20,js,00e8e69c,JayManjrekar0827,2026-05-08,22:01:13,-07:00,2026-05-08T22:01:13-07:00,0,0
meta/main.js,21,js,00e8e69c,JayManjrekar0827,2026-05-08,22:01:13,-07:00,2026-05-08T22:01:13-07:00,0,0
meta/main.js,22,js,00e8e69c,JayManjrekar0827,2026-05-08,22:01:13,-07:00,2026-05-08T22:01:13-07:00,0,29
meta/main.js,23,js,00e8e69c,JayManjrekar0827,2026-05-08,22:01:13,-07:00,2026-05-08T22:01:13-07:00,1,7
meta/main.js,24,js,00e8e69c,JayManjrekar0827,2026-05-08,22:01:13,-07:00,2026-05-08T22:01:13-07:00,2,28
meta/main.js,25,js,00e8e69c,JayManjrekar0827,2026-05-08,22:01:13,-07:00,2026-05-08T22:01:13-07:00,2,25
meta/main.js,26,js,00e8e69c,JayManjrekar0827,2026-05-08,22:01:13,-07:00,2026-05-08T22:01:13-07:00,3,21
meta/main.js,27,js,00e8e69c,JayManjrekar0827,2026-05-08,22:01:13,-07:00,2026-05-08T22:01:13-07:00,3,55
meta/main.js,28,js,00e8e69c,JayManjrekar0827,2026-05-08,22:01:13,-07:00,2026-05-08T22:01:13-07:00,3,11
meta/main.js,29,js,00e8e69c,JayManjrekar0827,2026-05-08,22:01:13,-07:00,2026-05-08T22:01:13-07:00,4,9
meta/main.js,30,js,a82ee2c7,JayManjrekar0827,2026-05-08,22:02:05,-07:00,2026-05-08T22:02:05-07:00,4,34
meta/main.js,31,js,00e8e69c,JayManjrekar0827,2026-05-08,22:01:13,-07:00,2026-05-08T22:01:13-07:00,4,5
meta/main.js,32,js,00e8e69c,JayManjrekar0827,2026-05-08,22:01:13,-07:00,2026-05-08T22:01:13-07:00,4,3
meta/main.js,33,js,00e8e69c,JayManjrekar0827,2026-05-08,22:01:13,-07:00,2026-05-08T22:01:13-07:00,4,3
meta/main.js,34,js,00e8e69c,JayManjrekar0827,2026-05-08,22:01:13,-07:00,2026-05-08T22:01:13-07:00,4,7
meta/main.js,35,js,00e8e69c,JayManjrekar0827,2026-05-08,22:01:13,-07:00,2026-05-08T22:01:13-07:00,4,7
meta/main.js,36,js,00e8e69c,JayManjrekar0827,2026-05-08,22:01:13,-07:00,2026-05-08T22:01:13-07:00,4,57
meta/main.js,37,js,00e8e69c,JayManjrekar0827,2026-05-08,22:01:13,-07:00,2026-05-08T22:01:13-07:00,4,23
meta/main.js,38,js,00e8e69c,JayManjrekar0827,2026-05-08,22:01:13,-07:00,2026-05-08T22:01:13-07:00,3,0
meta/main.js,39,js,00e8e69c,JayManjrekar0827,2026-05-08,22:01:13,-07:00,2026-05-08T22:01:13-07:00,0,0
meta/main.js,40,js,00e8e69c,JayManjrekar0827,2026-05-08,22:01:13,-07:00,2026-05-08T22:01:13-07:00,3,35
meta/main.js,41,js,00e8e69c,JayManjrekar0827,2026-05-08,22:01:13,-07:00,2026-05-08T22:01:13-07:00,4,11
meta/main.js,42,js,00e8e69c,JayManjrekar0827,2026-05-08,22:01:13,-07:00,2026-05-08T22:01:13-07:00,4,14
meta/main.js,43,js,00e8e69c,JayManjrekar0827,2026-05-08,22:01:13,-07:00,2026-05-08T22:01:13-07:00,4,18
meta/main.js,44,js,00e8e69c,JayManjrekar0827,2026-05-08,22:01:13,-07:00,2026-05-08T22:01:13-07:00,4,16
meta/main.js,45,js,00e8e69c,JayManjrekar0827,2026-05-08,22:01:13,-07:00,2026-05-08T22:01:13-07:00,3,1
meta/main.js,46,js,00e8e69c,JayManjrekar0827,2026-05-08,22:01:13,-07:00,2026-05-08T22:01:13-07:00,0,0
meta/main.js,47,js,00e8e69c,JayManjrekar0827,2026-05-08,22:01:13,-07:00,2026-05-08T22:01:13-07:00,3,9
meta/main.js,48,js,00e8e69c,JayManjrekar0827,2026-05-08,22:01:13,-07:00,2026-05-08T22:01:13-07:00,2,0
meta/main.js,49,js,00e8e69c,JayManjrekar0827,2026-05-08,22:01:13,-07:00,2026-05-08T22:01:13-07:00,2,39
meta/main.js,50,js,00e8e69c,JayManjrekar0827,2026-05-08,22:01:13,-07:00,2026-05-08T22:01:13-07:00,0,0
meta/main.js,51,js,00e8e69c,JayManjrekar0827,2026-05-08,22:01:13,-07:00,2026-05-08T22:01:13-07:00,0,0
meta/main.js,52,js,00e8e69c,JayManjrekar0827,2026-05-08,22:01:13,-07:00,2026-05-08T22:01:13-07:00,0,40
meta/main.js,53,js,00e8e69c,JayManjrekar0827,2026-05-08,22:01:13,-07:00,2026-05-08T22:01:13-07:00,1,42
meta/main.js,54,js,00e8e69c,JayManjrekar0827,2026-05-08,22:01:13,-07:00,2026-05-08T22:01:13-07:00,1,65
meta/main.js,55,js,00e8e69c,JayManjrekar0827,2026-05-08,22:01:13,-07:00,2026-05-08T22:01:13-07:00,0,0
meta/main.js,56,js,00e8e69c,JayManjrekar0827,2026-05-08,22:01:13,-07:00,2026-05-08T22:01:13-07:00,1,67
meta/main.js,57,js,00e8e69c,JayManjrekar0827,2026-05-08,22:01:13,-07:00,2026-05-08T22:01:13-07:00,1,32
meta/main.js,58,js,00e8e69c,JayManjrekar0827,2026-05-08,22:01:13,-07:00,2026-05-08T22:01:13-07:00,0,0
meta/main.js,59,js,00e8e69c,JayManjrekar0827,2026-05-08,22:01:13,-07:00,2026-05-08T22:01:13-07:00,1,36
meta/main.js,60,js,00e8e69c,JayManjrekar0827,2026-05-08,22:01:13,-07:00,2026-05-08T22:01:13-07:00,1,35
meta/main.js,61,js,00e8e69c,JayManjrekar0827,2026-05-08,22:01:13,-07:00,2026-05-08T22:01:13-07:00,0,0
meta/main.js,62,js,00e8e69c,JayManjrekar0827,2026-05-08,22:01:13,-07:00,2026-05-08T22:01:13-07:00,1,48
meta/main.js,63,js,00e8e69c,JayManjrekar0827,2026-05-08,22:01:13,-07:00,2026-05-08T22:01:13-07:00,1,28
meta/main.js,64,js,00e8e69c,JayManjrekar0827,2026-05-08,22:01:13,-07:00,2026-05-08T22:01:13-07:00,1,38
meta/main.js,65,js,00e8e69c,JayManjrekar0827,2026-05-08,22:01:13,-07:00,2026-05-08T22:01:13-07:00,0,0
meta/main.js,66,js,00e8e69c,JayManjrekar0827,2026-05-08,22:01:13,-07:00,2026-05-08T22:01:13-07:00,1,29
meta/main.js,67,js,00e8e69c,JayManjrekar0827,2026-05-08,22:01:13,-07:00,2026-05-08T22:01:13-07:00,2,3
meta/main.js,68,js,00e8e69c,JayManjrekar0827,2026-05-08,22:01:13,-07:00,2026-05-08T22:01:13-07:00,2,30
meta/main.js,69,js,00e8e69c,JayManjrekar0827,2026-05-08,22:01:13,-07:00,2026-05-08T22:01:13-07:00,2,12
meta/main.js,70,js,00e8e69c,JayManjrekar0827,2026-05-08,22:01:13,-07:00,2026-05-08T22:01:13-07:00,1,0
meta/main.js,71,js,00e8e69c,JayManjrekar0827,2026-05-08,22:01:13,-07:00,2026-05-08T22:01:13-07:00,1,56
meta/main.js,72,js,00e8e69c,JayManjrekar0827,2026-05-08,22:01:13,-07:00,2026-05-08T22:01:13-07:00,1,35
meta/main.js,73,js,00e8e69c,JayManjrekar0827,2026-05-08,22:01:13,-07:00,2026-05-08T22:01:13-07:00,1,66
meta/main.js,74,js,00e8e69c,JayManjrekar0827,2026-05-08,22:01:13,-07:00,2026-05-08T22:01:13-07:00,0,0
meta/main.js,75,js,00e8e69c,JayManjrekar0827,2026-05-08,22:01:13,-07:00,2026-05-08T22:01:13-07:00,1,54
meta/main.js,76,js,00e8e69c,JayManjrekar0827,2026-05-08,22:01:13,-07:00,2026-05-08T22:01:13-07:00,1,38
meta/main.js,77,js,00e8e69c,JayManjrekar0827,2026-05-08,22:01:13,-07:00,2026-05-08T22:01:13-07:00,1,57
meta/main.js,78,js,00e8e69c,JayManjrekar0827,2026-05-08,22:01:13,-07:00,2026-05-08T22:01:13-07:00,0,0
meta/main.js,79,js,00e8e69c,JayManjrekar0827,2026-05-08,22:01:13,-07:00,2026-05-08T22:01:13-07:00,1,44
meta/main.js,80,js,00e8e69c,JayManjrekar0827,2026-05-08,22:01:13,-07:00,2026-05-08T22:01:13-07:00,1,38
meta/main.js,81,js,00e8e69c,JayManjrekar0827,2026-05-08,22:01:13,-07:00,2026-05-08T22:01:13-07:00,1,29
meta/main.js,82,js,00e8e69c,JayManjrekar0827,2026-05-08,22:01:13,-07:00,2026-05-08T22:01:13-07:00,0,0
meta/main.js,83,js,00e8e69c,JayManjrekar0827,2026-05-08,22:01:13,-07:00,2026-05-08T22:01:13-07:00,1,30
meta/main.js,84,js,00e8e69c,JayManjrekar0827,2026-05-08,22:01:13,-07:00,2026-05-08T22:01:13-07:00,2,3
meta/main.js,85,js,00e8e69c,JayManjrekar0827,2026-05-08,22:01:13,-07:00,2026-05-08T22:01:13-07:00,2,14
meta/main.js,86,js,00e8e69c,JayManjrekar0827,2026-05-08,22:01:13,-07:00,2026-05-08T22:01:13-07:00,2,4
meta/main.js,87,js,00e8e69c,JayManjrekar0827,2026-05-08,22:01:13,-07:00,2026-05-08T22:01:13-07:00,3,64
meta/main.js,88,js,00e8e69c,JayManjrekar0827,2026-05-08,22:01:13,-07:00,2026-05-08T22:01:13-07:00,1,0
meta/main.js,89,js,00e8e69c,JayManjrekar0827,2026-05-08,22:01:13,-07:00,2026-05-08T22:01:13-07:00,1,67
meta/main.js,90,js,00e8e69c,JayManjrekar0827,2026-05-08,22:01:13,-07:00,2026-05-08T22:01:13-07:00,1,39
meta/main.js,91,js,00e8e69c,JayManjrekar0827,2026-05-08,22:01:13,-07:00,2026-05-08T22:01:13-07:00,1,30
meta/main.js,92,js,00e8e69c,JayManjrekar0827,2026-05-08,22:01:13,-07:00,2026-05-08T22:01:13-07:00,0,0
meta/main.js,93,js,00e8e69c,JayManjrekar0827,2026-05-08,22:01:13,-07:00,2026-05-08T22:01:13-07:00,0,0
meta/main.js,94,js,a82ee2c7,JayManjrekar0827,2026-05-08,22:02:05,-07:00,2026-05-08T22:02:05-07:00,0,37
meta/main.js,95,js,a82ee2c7,JayManjrekar0827,2026-05-08,22:02:05,-07:00,2026-05-08T22:02:05-07:00,1,50
meta/main.js,96,js,a82ee2c7,JayManjrekar0827,2026-05-08,22:02:05,-07:00,2026-05-08T22:02:05-07:00,1,50
meta/main.js,97,js,a82ee2c7,JayManjrekar0827,2026-05-08,22:02:05,-07:00,2026-05-08T22:02:05-07:00,1,50
meta/main.js,98,js,a82ee2c7,JayManjrekar0827,2026-05-08,22:02:05,-07:00,2026-05-08T22:02:05-07:00,1,54
meta/main.js,99,js,a82ee2c7,JayManjrekar0827,2026-05-08,22:02:05,-07:00,2026-05-08T22:02:05-07:00,1,52
meta/main.js,100,js,a82ee2c7,JayManjrekar0827,2026-05-08,22:02:05,-07:00,2026-05-08T22:02:05-07:00,0,0
meta/main.js,101,js,a82ee2c7,JayManjrekar0827,2026-05-08,22:02:05,-07:00,2026-05-08T22:02:05-07:00,1,48
meta/main.js,102,js,a82ee2c7,JayManjrekar0827,2026-05-08,22:02:05,-07:00,2026-05-08T22:02:05-07:00,2,5
meta/main.js,103,js,a82ee2c7,JayManjrekar0827,2026-05-08,22:02:05,-07:00,2026-05-08T22:02:05-07:00,1,0
meta/main.js,104,js,a82ee2c7,JayManjrekar0827,2026-05-08,22:02:05,-07:00,2026-05-08T22:02:05-07:00,0,0
meta/main.js,105,js,a82ee2c7,JayManjrekar0827,2026-05-08,22:02:05,-07:00,2026-05-08T22:02:05-07:00,1,21
meta/main.js,106,js,a82ee2c7,JayManjrekar0827,2026-05-08,22:02:05,-07:00,2026-05-08T22:02:05-07:00,1,39
meta/main.js,107,js,a82ee2c7,JayManjrekar0827,2026-05-08,22:02:05,-07:00,2026-05-08T22:02:05-07:00,1,56
meta/main.js,108,js,a82ee2c7,JayManjrekar0827,2026-05-08,22:02:05,-07:00,2026-05-08T22:02:05-07:00,2,16
meta/main.js,109,js,a82ee2c7,JayManjrekar0827,2026-05-08,22:02:05,-07:00,2026-05-08T22:02:05-07:00,1,1
meta/main.js,110,js,a82ee2c7,JayManjrekar0827,2026-05-08,22:02:05,-07:00,2026-05-08T22:02:05-07:00,1,56
meta/main.js,111,js,a82ee2c7,JayManjrekar0827,2026-05-08,22:02:05,-07:00,2026-05-08T22:02:05-07:00,2,17
meta/main.js,112,js,a82ee2c7,JayManjrekar0827,2026-05-08,22:02:05,-07:00,2026-05-08T22:02:05-07:00,1,1
meta/main.js,113,js,a82ee2c7,JayManjrekar0827,2026-05-08,22:02:05,-07:00,2026-05-08T22:02:05-07:00,1,33
meta/main.js,114,js,a82ee2c7,JayManjrekar0827,2026-05-08,22:02:05,-07:00,2026-05-08T22:02:05-07:00,1,36
meta/main.js,115,js,a82ee2c7,JayManjrekar0827,2026-05-08,22:02:05,-07:00,2026-05-08T22:02:05-07:00,0,0
meta/main.js,116,js,a82ee2c7,JayManjrekar0827,2026-05-08,22:02:05,-07:00,2026-05-08T22:02:05-07:00,0,0
meta/main.js,117,js,a82ee2c7,JayManjrekar0827,2026-05-08,22:02:05,-07:00,2026-05-08T22:02:05-07:00,0,43
meta/main.js,118,js,a82ee2c7,JayManjrekar0827,2026-05-08,22:02:05,-07:00,2026-05-08T22:02:05-07:00,1,56
meta/main.js,119,js,a82ee2c7,JayManjrekar0827,2026-05-08,22:02:05,-07:00,2026-05-08T22:02:05-07:00,1,26
meta/main.js,120,js,a82ee2c7,JayManjrekar0827,2026-05-08,22:02:05,-07:00,2026-05-08T22:02:05-07:00,0,0
meta/main.js,121,js,a82ee2c7,JayManjrekar0827,2026-05-08,22:02:05,-07:00,2026-05-08T22:02:05-07:00,0,0
meta/main.js,122,js,a82ee2c7,JayManjrekar0827,2026-05-08,22:02:05,-07:00,2026-05-08T22:02:05-07:00,0,37
meta/main.js,123,js,a82ee2c7,JayManjrekar0827,2026-05-08,22:02:05,-07:00,2026-05-08T22:02:05-07:00,1,56
meta/main.js,124,js,a82ee2c7,JayManjrekar0827,2026-05-08,22:02:05,-07:00,2026-05-08T22:02:05-07:00,1,17
meta/main.js,125,js,a82ee2c7,JayManjrekar0827,2026-05-08,22:02:05,-07:00,2026-05-08T22:02:05-07:00,1,41
meta/main.js,126,js,a82ee2c7,JayManjrekar0827,2026-05-08,22:02:05,-07:00,2026-05-08T22:02:05-07:00,1,43
meta/main.js,127,js,a82ee2c7,JayManjrekar0827,2026-05-08,22:02:05,-07:00,2026-05-08T22:02:05-07:00,0,0
meta/main.js,128,js,a82ee2c7,JayManjrekar0827,2026-05-08,22:02:05,-07:00,2026-05-08T22:02:05-07:00,1,33
meta/main.js,129,js,a82ee2c7,JayManjrekar0827,2026-05-08,22:02:05,-07:00,2026-05-08T22:02:05-07:00,1,32
meta/main.js,130,js,a82ee2c7,JayManjrekar0827,2026-05-08,22:02:05,-07:00,2026-05-08T22:02:05-07:00,0,0
meta/main.js,131,js,a82ee2c7,JayManjrekar0827,2026-05-08,22:02:05,-07:00,2026-05-08T22:02:05-07:00,1,39
meta/main.js,132,js,a82ee2c7,JayManjrekar0827,2026-05-08,22:02:05,-07:00,2026-05-08T22:02:05-07:00,2,42
meta/main.js,133,js,a82ee2c7,JayManjrekar0827,2026-05-08,22:02:05,-07:00,2026-05-08T22:02:05-07:00,1,0
meta/main.js,134,js,a82ee2c7,JayManjrekar0827,2026-05-08,22:02:05,-07:00,2026-05-08T22:02:05-07:00,1,40
meta/main.js,135,js,a82ee2c7,JayManjrekar0827,2026-05-08,22:02:05,-07:00,2026-05-08T22:02:05-07:00,2,42
meta/main.js,136,js,a82ee2c7,JayManjrekar0827,2026-05-08,22:02:05,-07:00,2026-05-08T22:02:05-07:00,1,0
meta/main.js,137,js,a82ee2c7,JayManjrekar0827,2026-05-08,22:02:05,-07:00,2026-05-08T22:02:05-07:00,0,0
meta/main.js,138,js,a82ee2c7,JayManjrekar0827,2026-05-08,22:02:05,-07:00,2026-05-08T22:02:05-07:00,1,44
meta/main.js,139,js,a82ee2c7,JayManjrekar0827,2026-05-08,22:02:05,-07:00,2026-05-08T22:02:05-07:00,1,42
meta/main.js,140,js,a82ee2c7,JayManjrekar0827,2026-05-08,22:02:05,-07:00,2026-05-08T22:02:05-07:00,0,0
meta/main.js,141,js,a82ee2c7,JayManjrekar0827,2026-05-08,22:02:05,-07:00,2026-05-08T22:02:05-07:00,0,0
meta/main.js,142,js,fcf89b7c,JayManjrekar0827,2026-05-08,22:02:17,-07:00,2026-05-08T22:02:17-07:00,0,44
meta/main.js,143,js,fcf89b7c,JayManjrekar0827,2026-05-08,22:02:17,-07:00,2026-05-08T22:02:17-07:00,1,15
meta/main.js,144,js,fcf89b7c,JayManjrekar0827,2026-05-08,22:02:17,-07:00,2026-05-08T22:02:17-07:00,2,11
meta/main.js,145,js,fcf89b7c,JayManjrekar0827,2026-05-08,22:02:17,-07:00,2026-05-08T22:02:17-07:00,1,0
meta/main.js,146,js,fcf89b7c,JayManjrekar0827,2026-05-08,22:02:17,-07:00,2026-05-08T22:02:17-07:00,1,37
meta/main.js,147,js,fcf89b7c,JayManjrekar0827,2026-05-08,22:02:17,-07:00,2026-05-08T22:02:17-07:00,1,32
meta/main.js,148,js,fcf89b7c,JayManjrekar0827,2026-05-08,22:02:17,-07:00,2026-05-08T22:02:17-07:00,1,32
meta/main.js,149,js,fcf89b7c,JayManjrekar0827,2026-05-08,22:02:17,-07:00,2026-05-08T22:02:17-07:00,1,46
meta/main.js,150,js,fcf89b7c,JayManjrekar0827,2026-05-08,22:02:17,-07:00,2026-05-08T22:02:17-07:00,0,0
meta/main.js,151,js,fcf89b7c,JayManjrekar0827,2026-05-08,22:02:17,-07:00,2026-05-08T22:02:17-07:00,0,0
meta/main.js,152,js,fcf89b7c,JayManjrekar0827,2026-05-08,22:02:17,-07:00,2026-05-08T22:02:17-07:00,0,40
meta/main.js,153,js,fcf89b7c,JayManjrekar0827,2026-05-08,22:02:17,-07:00,2026-05-08T22:02:17-07:00,1,31
meta/main.js,154,js,fcf89b7c,JayManjrekar0827,2026-05-08,22:02:17,-07:00,2026-05-08T22:02:17-07:00,2,53
meta/main.js,155,js,fcf89b7c,JayManjrekar0827,2026-05-08,22:02:17,-07:00,2026-05-08T22:02:17-07:00,2,3
meta/main.js,156,js,fcf89b7c,JayManjrekar0827,2026-05-08,22:02:17,-07:00,2026-05-08T22:02:17-07:00,0,0
meta/main.js,157,js,fcf89b7c,JayManjrekar0827,2026-05-08,22:02:17,-07:00,2026-05-08T22:02:17-07:00,1,62
meta/main.js,158,js,fcf89b7c,JayManjrekar0827,2026-05-08,22:02:17,-07:00,2026-05-08T22:02:17-07:00,1,28
meta/main.js,159,js,fcf89b7c,JayManjrekar0827,2026-05-08,22:02:17,-07:00,2026-05-08T22:02:17-07:00,2,28
meta/main.js,160,js,fcf89b7c,JayManjrekar0827,2026-05-08,22:02:17,-07:00,2026-05-08T22:02:17-07:00,1,18
meta/main.js,161,js,fcf89b7c,JayManjrekar0827,2026-05-08,22:02:17,-07:00,2026-05-08T22:02:17-07:00,0,0
meta/main.js,162,js,fcf89b7c,JayManjrekar0827,2026-05-08,22:02:17,-07:00,2026-05-08T22:02:17-07:00,1,21
meta/main.js,163,js,fcf89b7c,JayManjrekar0827,2026-05-08,22:02:17,-07:00,2026-05-08T22:02:17-07:00,0,0
meta/main.js,164,js,fcf89b7c,JayManjrekar0827,2026-05-08,22:02:17,-07:00,2026-05-08T22:02:17-07:00,0,0
meta/main.js,165,js,fcf89b7c,JayManjrekar0827,2026-05-08,22:02:17,-07:00,2026-05-08T22:02:17-07:00,0,43
meta/main.js,166,js,fcf89b7c,JayManjrekar0827,2026-05-08,22:02:17,-07:00,2026-05-08T22:02:17-07:00,1,31
meta/main.js,167,js,fcf89b7c,JayManjrekar0827,2026-05-08,22:02:17,-07:00,2026-05-08T22:02:17-07:00,2,53
meta/main.js,168,js,fcf89b7c,JayManjrekar0827,2026-05-08,22:02:17,-07:00,2026-05-08T22:02:17-07:00,2,3
meta/main.js,169,js,fcf89b7c,JayManjrekar0827,2026-05-08,22:02:17,-07:00,2026-05-08T22:02:17-07:00,1,62
meta/main.js,170,js,fcf89b7c,JayManjrekar0827,2026-05-08,22:02:17,-07:00,2026-05-08T22:02:17-07:00,0,0
meta/main.js,171,js,fcf89b7c,JayManjrekar0827,2026-05-08,22:02:17,-07:00,2026-05-08T22:02:17-07:00,1,33
meta/main.js,172,js,fcf89b7c,JayManjrekar0827,2026-05-08,22:02:17,-07:00,2026-05-08T22:02:17-07:00,2,23
meta/main.js,173,js,fcf89b7c,JayManjrekar0827,2026-05-08,22:02:17,-07:00,2026-05-08T22:02:17-07:00,2,5
meta/main.js,174,js,fcf89b7c,JayManjrekar0827,2026-05-08,22:02:17,-07:00,2026-05-08T22:02:17-07:00,1,0
meta/main.js,175,js,fcf89b7c,JayManjrekar0827,2026-05-08,22:02:17,-07:00,2026-05-08T22:02:17-07:00,0,0
meta/main.js,176,js,fcf89b7c,JayManjrekar0827,2026-05-08,22:02:17,-07:00,2026-05-08T22:02:17-07:00,1,73
meta/main.js,177,js,fcf89b7c,JayManjrekar0827,2026-05-08,22:02:17,-07:00,2026-05-08T22:02:17-07:00,1,52
meta/main.js,178,js,fcf89b7c,JayManjrekar0827,2026-05-08,22:02:17,-07:00,2026-05-08T22:02:17-07:00,0,0
meta/main.js,179,js,fcf89b7c,JayManjrekar0827,2026-05-08,22:02:17,-07:00,2026-05-08T22:02:17-07:00,1,26
meta/main.js,180,js,fcf89b7c,JayManjrekar0827,2026-05-08,22:02:17,-07:00,2026-05-08T22:02:17-07:00,2,4
meta/main.js,181,js,fcf89b7c,JayManjrekar0827,2026-05-08,22:02:17,-07:00,2026-05-08T22:02:17-07:00,2,14
meta/main.js,182,js,fcf89b7c,JayManjrekar0827,2026-05-08,22:02:17,-07:00,2026-05-08T22:02:17-07:00,2,12
meta/main.js,183,js,fcf89b7c,JayManjrekar0827,2026-05-08,22:02:17,-07:00,2026-05-08T22:02:17-07:00,1,0
meta/main.js,184,js,fcf89b7c,JayManjrekar0827,2026-05-08,22:02:17,-07:00,2026-05-08T22:02:17-07:00,0,0
meta/main.js,185,js,fcf89b7c,JayManjrekar0827,2026-05-08,22:02:17,-07:00,2026-05-08T22:02:17-07:00,1,23
meta/main.js,186,js,fcf89b7c,JayManjrekar0827,2026-05-08,22:02:17,-07:00,2026-05-08T22:02:17-07:00,0,0
meta/main.js,187,js,fcf89b7c,JayManjrekar0827,2026-05-08,22:02:17,-07:00,2026-05-08T22:02:17-07:00,1,42
meta/main.js,188,js,fcf89b7c,JayManjrekar0827,2026-05-08,22:02:17,-07:00,2026-05-08T22:02:17-07:00,2,38
meta/main.js,189,js,fcf89b7c,JayManjrekar0827,2026-05-08,22:02:17,-07:00,2026-05-08T22:02:17-07:00,2,46
meta/main.js,190,js,fcf89b7c,JayManjrekar0827,2026-05-08,22:02:17,-07:00,2026-05-08T22:02:17-07:00,2,22
meta/main.js,191,js,fcf89b7c,JayManjrekar0827,2026-05-08,22:02:17,-07:00,2026-05-08T22:02:17-07:00,3,20
meta/main.js,192,js,fcf89b7c,JayManjrekar0827,2026-05-08,22:02:17,-07:00,2026-05-08T22:02:17-07:00,4,32
meta/main.js,193,js,fcf89b7c,JayManjrekar0827,2026-05-08,22:02:17,-07:00,2026-05-08T22:02:17-07:00,4,21
meta/main.js,194,js,fcf89b7c,JayManjrekar0827,2026-05-08,22:02:17,-07:00,2026-05-08T22:02:17-07:00,4,40
meta/main.js,195,js,fcf89b7c,JayManjrekar0827,2026-05-08,22:02:17,-07:00,2026-05-08T22:02:17-07:00,3,4
meta/main.js,196,js,fcf89b7c,JayManjrekar0827,2026-05-08,22:02:17,-07:00,2026-05-08T22:02:17-07:00,2,0
meta/main.js,197,js,fcf89b7c,JayManjrekar0827,2026-05-08,22:02:17,-07:00,2026-05-08T22:02:17-07:00,1,0
meta/main.js,198,js,fcf89b7c,JayManjrekar0827,2026-05-08,22:02:17,-07:00,2026-05-08T22:02:17-07:00,0,0
meta/main.js,199,js,fcf89b7c,JayManjrekar0827,2026-05-08,22:02:17,-07:00,2026-05-08T22:02:17-07:00,0,0
meta/main.js,200,js,fcf89b7c,JayManjrekar0827,2026-05-08,22:02:17,-07:00,2026-05-08T22:02:17-07:00,0,23
meta/main.js,201,js,fcf89b7c,JayManjrekar0827,2026-05-08,22:02:17,-07:00,2026-05-08T22:02:17-07:00,1,32
meta/main.js,202,js,fcf89b7c,JayManjrekar0827,2026-05-08,22:02:17,-07:00,2026-05-08T22:02:17-07:00,1,47
meta/main.js,203,js,fcf89b7c,JayManjrekar0827,2026-05-08,22:02:17,-07:00,2026-05-08T22:02:17-07:00,2,29
meta/main.js,204,js,fcf89b7c,JayManjrekar0827,2026-05-08,22:02:17,-07:00,2026-05-08T22:02:17-07:00,1,0
meta/main.js,205,js,fcf89b7c,JayManjrekar0827,2026-05-08,22:02:17,-07:00,2026-05-08T22:02:17-07:00,1,30
meta/main.js,206,js,fcf89b7c,JayManjrekar0827,2026-05-08,22:02:17,-07:00,2026-05-08T22:02:17-07:00,1,33
meta/main.js,207,js,fcf89b7c,JayManjrekar0827,2026-05-08,22:02:17,-07:00,2026-05-08T22:02:17-07:00,0,0
meta/main.js,208,js,fcf89b7c,JayManjrekar0827,2026-05-08,22:02:17,-07:00,2026-05-08T22:02:17-07:00,0,0
meta/main.js,209,js,fcf89b7c,JayManjrekar0827,2026-05-08,22:02:17,-07:00,2026-05-08T22:02:17-07:00,0,33
meta/main.js,210,js,fcf89b7c,JayManjrekar0827,2026-05-08,22:02:17,-07:00,2026-05-08T22:02:17-07:00,1,50
meta/main.js,211,js,fcf89b7c,JayManjrekar0827,2026-05-08,22:02:17,-07:00,2026-05-08T22:02:17-07:00,1,43
meta/main.js,212,js,fcf89b7c,JayManjrekar0827,2026-05-08,22:02:17,-07:00,2026-05-08T22:02:17-07:00,0,0
meta/main.js,213,js,fcf89b7c,JayManjrekar0827,2026-05-08,22:02:17,-07:00,2026-05-08T22:02:17-07:00,0,0
meta/main.js,214,js,a82ee2c7,JayManjrekar0827,2026-05-08,22:02:05,-07:00,2026-05-08T22:02:05-07:00,0,41
meta/main.js,215,js,a82ee2c7,JayManjrekar0827,2026-05-08,22:02:05,-07:00,2026-05-08T22:02:05-07:00,1,17
meta/main.js,216,js,a82ee2c7,JayManjrekar0827,2026-05-08,22:02:05,-07:00,2026-05-08T22:02:05-07:00,1,17
meta/main.js,217,js,a82ee2c7,JayManjrekar0827,2026-05-08,22:02:05,-07:00,2026-05-08T22:02:05-07:00,1,58
meta/main.js,218,js,a82ee2c7,JayManjrekar0827,2026-05-08,22:02:05,-07:00,2026-05-08T22:02:05-07:00,0,0
meta/main.js,219,js,a82ee2c7,JayManjrekar0827,2026-05-08,22:02:05,-07:00,2026-05-08T22:02:05-07:00,1,18
meta/main.js,220,js,a82ee2c7,JayManjrekar0827,2026-05-08,22:02:05,-07:00,2026-05-08T22:02:05-07:00,2,14
meta/main.js,221,js,a82ee2c7,JayManjrekar0827,2026-05-08,22:02:05,-07:00,2026-05-08T22:02:05-07:00,2,26
meta/main.js,222,js,a82ee2c7,JayManjrekar0827,2026-05-08,22:02:05,-07:00,2026-05-08T22:02:05-07:00,2,29
meta/main.js,223,js,a82ee2c7,JayManjrekar0827,2026-05-08,22:02:05,-07:00,2026-05-08T22:02:05-07:00,2,16
meta/main.js,224,js,a82ee2c7,JayManjrekar0827,2026-05-08,22:02:05,-07:00,2026-05-08T22:02:05-07:00,2,40
meta/main.js,225,js,a82ee2c7,JayManjrekar0827,2026-05-08,22:02:05,-07:00,2026-05-08T22:02:05-07:00,2,42
meta/main.js,226,js,a82ee2c7,JayManjrekar0827,2026-05-08,22:02:05,-07:00,2026-05-08T22:02:05-07:00,1,0
meta/main.js,227,js,a82ee2c7,JayManjrekar0827,2026-05-08,22:02:05,-07:00,2026-05-08T22:02:05-07:00,0,0
meta/main.js,228,js,a82ee2c7,JayManjrekar0827,2026-05-08,22:02:05,-07:00,2026-05-08T22:02:05-07:00,1,42
meta/main.js,229,js,a82ee2c7,JayManjrekar0827,2026-05-08,22:02:05,-07:00,2026-05-08T22:02:05-07:00,0,0
meta/main.js,230,js,a82ee2c7,JayManjrekar0827,2026-05-08,22:02:05,-07:00,2026-05-08T22:02:05-07:00,1,12
meta/main.js,231,js,a82ee2c7,JayManjrekar0827,2026-05-08,22:02:05,-07:00,2026-05-08T22:02:05-07:00,2,15
meta/main.js,232,js,a82ee2c7,JayManjrekar0827,2026-05-08,22:02:05,-07:00,2026-05-08T22:02:05-07:00,2,12
meta/main.js,233,js,a82ee2c7,JayManjrekar0827,2026-05-08,22:02:05,-07:00,2026-05-08T22:02:05-07:00,2,40
meta/main.js,234,js,a82ee2c7,JayManjrekar0827,2026-05-08,22:02:05,-07:00,2026-05-08T22:02:05-07:00,2,28
meta/main.js,235,js,a82ee2c7,JayManjrekar0827,2026-05-08,22:02:05,-07:00,2026-05-08T22:02:05-07:00,0,0
meta/main.js,236,js,fcf89b7c,JayManjrekar0827,2026-05-08,22:02:17,-07:00,2026-05-08T22:02:17-07:00,1,9
meta/main.js,237,js,a82ee2c7,JayManjrekar0827,2026-05-08,22:02:05,-07:00,2026-05-08T22:02:05-07:00,2,10
meta/main.js,238,js,a82ee2c7,JayManjrekar0827,2026-05-08,22:02:05,-07:00,2026-05-08T22:02:05-07:00,2,44
meta/main.js,239,js,a82ee2c7,JayManjrekar0827,2026-05-08,22:02:05,-07:00,2026-05-08T22:02:05-07:00,2,41
meta/main.js,240,js,a82ee2c7,JayManjrekar0827,2026-05-08,22:02:05,-07:00,2026-05-08T22:02:05-07:00,2,6
meta/main.js,241,js,a82ee2c7,JayManjrekar0827,2026-05-08,22:02:05,-07:00,2026-05-08T22:02:05-07:00,0,0
meta/main.js,242,js,fcf89b7c,JayManjrekar0827,2026-05-08,22:02:17,-07:00,2026-05-08T22:02:17-07:00,1,9
meta/main.js,243,js,a82ee2c7,JayManjrekar0827,2026-05-08,22:02:05,-07:00,2026-05-08T22:02:05-07:00,2,12
meta/main.js,244,js,a82ee2c7,JayManjrekar0827,2026-05-08,22:02:05,-07:00,2026-05-08T22:02:05-07:00,2,14
meta/main.js,245,js,a82ee2c7,JayManjrekar0827,2026-05-08,22:02:05,-07:00,2026-05-08T22:02:05-07:00,2,42
meta/main.js,246,js,a82ee2c7,JayManjrekar0827,2026-05-08,22:02:05,-07:00,2026-05-08T22:02:05-07:00,0,0
meta/main.js,247,js,a82ee2c7,JayManjrekar0827,2026-05-08,22:02:05,-07:00,2026-05-08T22:02:05-07:00,1,19
meta/main.js,248,js,a82ee2c7,JayManjrekar0827,2026-05-08,22:02:05,-07:00,2026-05-08T22:02:05-07:00,2,10
meta/main.js,249,js,a82ee2c7,JayManjrekar0827,2026-05-08,22:02:05,-07:00,2026-05-08T22:02:05-07:00,2,25
meta/main.js,250,js,a82ee2c7,JayManjrekar0827,2026-05-08,22:02:05,-07:00,2026-05-08T22:02:05-07:00,2,53
meta/main.js,251,js,a82ee2c7,JayManjrekar0827,2026-05-08,22:02:05,-07:00,2026-05-08T22:02:05-07:00,0,0
meta/main.js,252,js,a82ee2c7,JayManjrekar0827,2026-05-08,22:02:05,-07:00,2026-05-08T22:02:05-07:00,1,13
meta/main.js,253,js,a82ee2c7,JayManjrekar0827,2026-05-08,22:02:05,-07:00,2026-05-08T22:02:05-07:00,2,61
meta/main.js,254,js,a82ee2c7,JayManjrekar0827,2026-05-08,22:02:05,-07:00,2026-05-08T22:02:05-07:00,1,0
meta/main.js,255,js,a82ee2c7,JayManjrekar0827,2026-05-08,22:02:05,-07:00,2026-05-08T22:02:05-07:00,0,0
meta/main.js,256,js,a82ee2c7,JayManjrekar0827,2026-05-08,22:02:05,-07:00,2026-05-08T22:02:05-07:00,1,34
meta/main.js,257,js,a82ee2c7,JayManjrekar0827,2026-05-08,22:02:05,-07:00,2026-05-08T22:02:05-07:00,1,14
meta/main.js,258,js,a82ee2c7,JayManjrekar0827,2026-05-08,22:02:05,-07:00,2026-05-08T22:02:05-07:00,2,15
meta/main.js,259,js,a82ee2c7,JayManjrekar0827,2026-05-08,22:02:05,-07:00,2026-05-08T22:02:05-07:00,2,58
meta/main.js,260,js,a82ee2c7,JayManjrekar0827,2026-05-08,22:02:05,-07:00,2026-05-08T22:02:05-07:00,0,0
meta/main.js,261,js,a82ee2c7,JayManjrekar0827,2026-05-08,22:02:05,-07:00,2026-05-08T22:02:05-07:00,1,1
meta/main.js,262,js,a82ee2c7,JayManjrekar0827,2026-05-08,22:02:05,-07:00,2026-05-08T22:02:05-07:00,2,10
meta/main.js,263,js,a82ee2c7,JayManjrekar0827,2026-05-08,22:02:05,-07:00,2026-05-08T22:02:05-07:00,2,27
meta/main.js,264,js,a82ee2c7,JayManjrekar0827,2026-05-08,22:02:05,-07:00,2026-05-08T22:02:05-07:00,2,54
meta/main.js,265,js,a82ee2c7,JayManjrekar0827,2026-05-08,22:02:05,-07:00,2026-05-08T22:02:05-07:00,2,11
meta/main.js,266,js,a82ee2c7,JayManjrekar0827,2026-05-08,22:02:05,-07:00,2026-05-08T22:02:05-07:00,0,0
meta/main.js,267,js,a82ee2c7,JayManjrekar0827,2026-05-08,22:02:05,-07:00,2026-05-08T22:02:05-07:00,1,1
meta/main.js,268,js,a82ee2c7,JayManjrekar0827,2026-05-08,22:02:05,-07:00,2026-05-08T22:02:05-07:00,2,10
meta/main.js,269,js,a82ee2c7,JayManjrekar0827,2026-05-08,22:02:05,-07:00,2026-05-08T22:02:05-07:00,2,27
meta/main.js,270,js,a82ee2c7,JayManjrekar0827,2026-05-08,22:02:05,-07:00,2026-05-08T22:02:05-07:00,2,52
meta/main.js,271,js,a82ee2c7,JayManjrekar0827,2026-05-08,22:02:05,-07:00,2026-05-08T22:02:05-07:00,2,11
meta/main.js,272,js,a82ee2c7,JayManjrekar0827,2026-05-08,22:02:05,-07:00,2026-05-08T22:02:05-07:00,0,0
meta/main.js,273,js,a82ee2c7,JayManjrekar0827,2026-05-08,22:02:05,-07:00,2026-05-08T22:02:05-07:00,1,67
meta/main.js,274,js,a82ee2c7,JayManjrekar0827,2026-05-08,22:02:05,-07:00,2026-05-08T22:02:05-07:00,1,15
meta/main.js,275,js,a82ee2c7,JayManjrekar0827,2026-05-08,22:02:05,-07:00,2026-05-08T22:02:05-07:00,2,10
meta/main.js,276,js,a82ee2c7,JayManjrekar0827,2026-05-08,22:02:05,-07:00,2026-05-08T22:02:05-07:00,2,37
meta/main.js,277,js,a82ee2c7,JayManjrekar0827,2026-05-08,22:02:05,-07:00,2026-05-08T22:02:05-07:00,2,14
meta/main.js,278,js,a82ee2c7,JayManjrekar0827,2026-05-08,22:02:05,-07:00,2026-05-08T22:02:05-07:00,0,0
meta/main.js,279,js,a82ee2c7,JayManjrekar0827,2026-05-08,22:02:05,-07:00,2026-05-08T22:02:05-07:00,1,59
meta/main.js,280,js,a82ee2c7,JayManjrekar0827,2026-05-08,22:02:05,-07:00,2026-05-08T22:02:05-07:00,0,0
meta/main.js,281,js,a82ee2c7,JayManjrekar0827,2026-05-08,22:02:05,-07:00,2026-05-08T22:02:05-07:00,1,49
meta/main.js,282,js,a82ee2c7,JayManjrekar0827,2026-05-08,22:02:05,-07:00,2026-05-08T22:02:05-07:00,0,0
meta/main.js,283,js,a82ee2c7,JayManjrekar0827,2026-05-08,22:02:05,-07:00,2026-05-08T22:02:05-07:00,1,2
meta/main.js,284,js,a82ee2c7,JayManjrekar0827,2026-05-08,22:02:05,-07:00,2026-05-08T22:02:05-07:00,2,18
meta/main.js,285,js,a82ee2c7,JayManjrekar0827,2026-05-08,22:02:05,-07:00,2026-05-08T22:02:05-07:00,2,18
meta/main.js,286,js,a82ee2c7,JayManjrekar0827,2026-05-08,22:02:05,-07:00,2026-05-08T22:02:05-07:00,2,13
meta/main.js,287,js,a82ee2c7,JayManjrekar0827,2026-05-08,22:02:05,-07:00,2026-05-08T22:02:05-07:00,2,36
meta/main.js,288,js,a82ee2c7,JayManjrekar0827,2026-05-08,22:02:05,-07:00,2026-05-08T22:02:05-07:00,2,36
meta/main.js,289,js,a82ee2c7,JayManjrekar0827,2026-05-08,22:02:05,-07:00,2026-05-08T22:02:05-07:00,2,37
meta/main.js,290,js,a82ee2c7,JayManjrekar0827,2026-05-08,22:02:05,-07:00,2026-05-08T22:02:05-07:00,2,24
meta/main.js,291,js,a82ee2c7,JayManjrekar0827,2026-05-08,22:02:05,-07:00,2026-05-08T22:02:05-07:00,2,25
meta/main.js,292,js,a82ee2c7,JayManjrekar0827,2026-05-08,22:02:05,-07:00,2026-05-08T22:02:05-07:00,2,36
meta/main.js,293,js,a82ee2c7,JayManjrekar0827,2026-05-08,22:02:05,-07:00,2026-05-08T22:02:05-07:00,3,54
meta/main.js,294,js,a82ee2c7,JayManjrekar0827,2026-05-08,22:02:05,-07:00,2026-05-08T22:02:05-07:00,3,27
meta/main.js,295,js,a82ee2c7,JayManjrekar0827,2026-05-08,22:02:05,-07:00,2026-05-08T22:02:05-07:00,3,28
meta/main.js,296,js,a82ee2c7,JayManjrekar0827,2026-05-08,22:02:05,-07:00,2026-05-08T22:02:05-07:00,3,27
meta/main.js,297,js,a82ee2c7,JayManjrekar0827,2026-05-08,22:02:05,-07:00,2026-05-08T22:02:05-07:00,2,0
meta/main.js,298,js,a82ee2c7,JayManjrekar0827,2026-05-08,22:02:05,-07:00,2026-05-08T22:02:05-07:00,2,27
meta/main.js,299,js,a82ee2c7,JayManjrekar0827,2026-05-08,22:02:05,-07:00,2026-05-08T22:02:05-07:00,3,27
meta/main.js,300,js,a82ee2c7,JayManjrekar0827,2026-05-08,22:02:05,-07:00,2026-05-08T22:02:05-07:00,2,0
meta/main.js,301,js,a82ee2c7,JayManjrekar0827,2026-05-08,22:02:05,-07:00,2026-05-08T22:02:05-07:00,2,28
meta/main.js,302,js,a82ee2c7,JayManjrekar0827,2026-05-08,22:02:05,-07:00,2026-05-08T22:02:05-07:00,3,56
meta/main.js,303,js,a82ee2c7,JayManjrekar0827,2026-05-08,22:02:05,-07:00,2026-05-08T22:02:05-07:00,3,29
meta/main.js,304,js,a82ee2c7,JayManjrekar0827,2026-05-08,22:02:05,-07:00,2026-05-08T22:02:05-07:00,2,1
meta/main.js,305,js,fcf89b7c,JayManjrekar0827,2026-05-08,22:02:17,-07:00,2026-05-08T22:02:17-07:00,0,0
meta/main.js,306,js,fcf89b7c,JayManjrekar0827,2026-05-08,22:02:17,-07:00,2026-05-08T22:02:17-07:00,1,23
meta/main.js,307,js,a82ee2c7,JayManjrekar0827,2026-05-08,22:02:05,-07:00,2026-05-08T22:02:05-07:00,0,0
meta/main.js,308,js,a82ee2c7,JayManjrekar0827,2026-05-08,22:02:05,-07:00,2026-05-08T22:02:05-07:00,0,0
meta/main.js,309,js,00e8e69c,JayManjrekar0827,2026-05-08,22:01:13,-07:00,2026-05-08T22:01:13-07:00,0,28
meta/main.js,310,js,fcf89b7c,JayManjrekar0827,2026-05-08,22:02:17,-07:00,2026-05-08T22:02:17-07:00,0,29
meta/main.js,311,js,00e8e69c,JayManjrekar0827,2026-05-08,22:01:13,-07:00,2026-05-08T22:01:13-07:00,0,0
meta/main.js,312,js,00e8e69c,JayManjrekar0827,2026-05-08,22:01:13,-07:00,2026-05-08T22:01:13-07:00,0,30
meta/main.js,313,js,a82ee2c7,JayManjrekar0827,2026-05-08,22:02:05,-07:00,2026-05-08T22:02:05-07:00,0,31
meta/index.html,1,html,00e8e69c,JayManjrekar0827,2026-05-08,22:01:13,-07:00,2026-05-08T22:01:13-07:00,0,13
meta/index.html,2,html,00e8e69c,JayManjrekar0827,2026-05-08,22:01:13,-07:00,2026-05-08T22:01:13-07:00,0,14
meta/index.html,3,html,00e8e69c,JayManjrekar0827,2026-05-08,22:01:13,-07:00,2026-05-08T22:01:13-07:00,0,4
meta/index.html,4,html,00e8e69c,JayManjrekar0827,2026-05-08,22:01:13,-07:00,2026-05-08T22:01:13-07:00,1,20
meta/index.html,5,html,00e8e69c,JayManjrekar0827,2026-05-08,22:01:13,-07:00,2026-05-08T22:01:13-07:00,1,68
meta/index.html,6,html,00e8e69c,JayManjrekar0827,2026-05-08,22:01:13,-07:00,2026-05-08T22:01:13-07:00,1,33
meta/index.html,7,html,00e8e69c,JayManjrekar0827,2026-05-08,22:01:13,-07:00,2026-05-08T22:01:13-07:00,1,41
meta/index.html,8,html,00e8e69c,JayManjrekar0827,2026-05-08,22:01:13,-07:00,2026-05-08T22:01:13-07:00,0,5
meta/index.html,9,html,00e8e69c,JayManjrekar0827,2026-05-08,22:01:13,-07:00,2026-05-08T22:01:13-07:00,0,4
meta/index.html,10,html,00e8e69c,JayManjrekar0827,2026-05-08,22:01:13,-07:00,2026-05-08T22:01:13-07:00,1,22
meta/index.html,11,html,00e8e69c,JayManjrekar0827,2026-05-08,22:01:13,-07:00,2026-05-08T22:01:13-07:00,2,11
meta/index.html,12,html,00e8e69c,JayManjrekar0827,2026-05-08,22:01:13,-07:00,2026-05-08T22:01:13-07:00,2,1
meta/index.html,13,html,00e8e69c,JayManjrekar0827,2026-05-08,22:01:13,-07:00,2026-05-08T22:01:13-07:00,3,90
meta/index.html,14,html,00e8e69c,JayManjrekar0827,2026-05-08,22:01:13,-07:00,2026-05-08T22:01:13-07:00,3,90
meta/index.html,15,html,00e8e69c,JayManjrekar0827,2026-05-08,22:01:13,-07:00,2026-05-08T22:01:13-07:00,3,10
meta/index.html,16,html,00e8e69c,JayManjrekar0827,2026-05-08,22:01:13,-07:00,2026-05-08T22:01:13-07:00,2,2
meta/index.html,17,html,00e8e69c,JayManjrekar0827,2026-05-08,22:01:13,-07:00,2026-05-08T22:01:13-07:00,0,0
meta/index.html,18,html,00e8e69c,JayManjrekar0827,2026-05-08,22:01:13,-07:00,2026-05-08T22:01:13-07:00,2,7
meta/index.html,19,html,00e8e69c,JayManjrekar0827,2026-05-08,22:01:13,-07:00,2026-05-08T22:01:13-07:00,3,14
meta/index.html,20,html,00e8e69c,JayManjrekar0827,2026-05-08,22:01:13,-07:00,2026-05-08T22:01:13-07:00,3,20
meta/index.html,21,html,00e8e69c,JayManjrekar0827,2026-05-08,22:01:13,-07:00,2026-05-08T22:01:13-07:00,2,8
meta/index.html,22,html,a82ee2c7,JayManjrekar0827,2026-05-08,22:02:05,-07:00,2026-05-08T22:02:05-07:00,0,0
meta/index.html,23,html,a82ee2c7,JayManjrekar0827,2026-05-08,22:02:05,-07:00,2026-05-08T22:02:05-07:00,2,7
meta/index.html,24,html,a82ee2c7,JayManjrekar0827,2026-05-08,22:02:05,-07:00,2026-05-08T22:02:05-07:00,3,29
meta/index.html,25,html,a82ee2c7,JayManjrekar0827,2026-05-08,22:02:05,-07:00,2026-05-08T22:02:05-07:00,3,20
meta/index.html,26,html,a82ee2c7,JayManjrekar0827,2026-05-08,22:02:05,-07:00,2026-05-08T22:02:05-07:00,2,8
meta/index.html,27,html,a82ee2c7,JayManjrekar0827,2026-05-08,22:02:05,-07:00,2026-05-08T22:02:05-07:00,0,0
meta/index.html,28,html,fcf89b7c,JayManjrekar0827,2026-05-08,22:02:17,-07:00,2026-05-08T22:02:17-07:00,2,30
meta/index.html,29,html,fcf89b7c,JayManjrekar0827,2026-05-08,22:02:17,-07:00,2026-05-08T22:02:17-07:00,3,45
meta/index.html,30,html,fcf89b7c,JayManjrekar0827,2026-05-08,22:02:17,-07:00,2026-05-08T22:02:17-07:00,3,55
meta/index.html,31,html,fcf89b7c,JayManjrekar0827,2026-05-08,22:02:17,-07:00,2026-05-08T22:02:17-07:00,2,8
meta/index.html,32,html,fcf89b7c,JayManjrekar0827,2026-05-08,22:02:17,-07:00,2026-05-08T22:02:17-07:00,0,0
meta/index.html,33,html,a82ee2c7,JayManjrekar0827,2026-05-08,22:02:05,-07:00,2026-05-08T22:02:05-07:00,2,50
meta/index.html,34,html,a82ee2c7,JayManjrekar0827,2026-05-08,22:02:05,-07:00,2026-05-08T22:02:05-07:00,3,13
meta/index.html,35,html,a82ee2c7,JayManjrekar0827,2026-05-08,22:02:05,-07:00,2026-05-08T22:02:05-07:00,3,55
meta/index.html,36,html,a82ee2c7,JayManjrekar0827,2026-05-08,22:02:05,-07:00,2026-05-08T22:02:05-07:00,0,0
meta/index.html,37,html,a82ee2c7,JayManjrekar0827,2026-05-08,22:02:05,-07:00,2026-05-08T22:02:05-07:00,3,11
meta/index.html,38,html,a82ee2c7,JayManjrekar0827,2026-05-08,22:02:05,-07:00,2026-05-08T22:02:05-07:00,3,24
meta/index.html,39,html,a82ee2c7,JayManjrekar0827,2026-05-08,22:02:05,-07:00,2026-05-08T22:02:05-07:00,0,0
meta/index.html,40,html,a82ee2c7,JayManjrekar0827,2026-05-08,22:02:05,-07:00,2026-05-08T22:02:05-07:00,3,11
meta/index.html,41,html,a82ee2c7,JayManjrekar0827,2026-05-08,22:02:05,-07:00,2026-05-08T22:02:05-07:00,3,24
meta/index.html,42,html,a82ee2c7,JayManjrekar0827,2026-05-08,22:02:05,-07:00,2026-05-08T22:02:05-07:00,0,0
meta/index.html,43,html,a82ee2c7,JayManjrekar0827,2026-05-08,22:02:05,-07:00,2026-05-08T22:02:05-07:00,3,13
meta/index.html,44,html,a82ee2c7,JayManjrekar0827,2026-05-08,22:02:05,-07:00,2026-05-08T22:02:05-07:00,3,26
meta/index.html,45,html,a82ee2c7,JayManjrekar0827,2026-05-08,22:02:05,-07:00,2026-05-08T22:02:05-07:00,0,0
meta/index.html,46,html,a82ee2c7,JayManjrekar0827,2026-05-08,22:02:05,-07:00,2026-05-08T22:02:05-07:00,3,19
meta/index.html,47,html,a82ee2c7,JayManjrekar0827,2026-05-08,22:02:05,-07:00,2026-05-08T22:02:05-07:00,3,25
meta/index.html,48,html,a82ee2c7,JayManjrekar0827,2026-05-08,22:02:05,-07:00,2026-05-08T22:02:05-07:00,2,3
meta/index.html,49,html,00e8e69c,JayManjrekar0827,2026-05-08,22:01:13,-07:00,2026-05-08T22:01:13-07:00,1,5
meta/index.html,50,html,00e8e69c,JayManjrekar0827,2026-05-08,22:01:13,-07:00,2026-05-08T22:01:13-07:00,1,48
meta/index.html,51,html,00e8e69c,JayManjrekar0827,2026-05-08,22:01:13,-07:00,2026-05-08T22:01:13-07:00,1,43
meta/index.html,52,html,00e8e69c,JayManjrekar0827,2026-05-08,22:01:13,-07:00,2026-05-08T22:01:13-07:00,0,5
meta/index.html,53,html,00e8e69c,JayManjrekar0827,2026-05-08,22:01:13,-07:00,2026-05-08T22:01:13-07:00,0,5
meta/analyze.js,1,js,00e8e69c,JayManjrekar0827,2026-05-08,22:01:13,-07:00,2026-05-08T22:01:13-07:00,0,48
meta/analyze.js,2,js,00e8e69c,JayManjrekar0827,2026-05-08,22:01:13,-07:00,2026-05-08T22:01:13-07:00,0,86
meta/analyze.js,3,js,00e8e69c,JayManjrekar0827,2026-05-08,22:01:13,-07:00,2026-05-08T22:01:13-07:00,0,68
meta/analyze.js,4,js,00e8e69c,JayManjrekar0827,2026-05-08,22:01:13,-07:00,2026-05-08T22:01:13-07:00,0,39
meta/analyze.js,5,js,00e8e69c,JayManjrekar0827,2026-05-08,22:01:13,-07:00,2026-05-08T22:01:13-07:00,0,0
meta/analyze.js,6,js,00e8e69c,JayManjrekar0827,2026-05-08,22:01:13,-07:00,2026-05-08T22:01:13-07:00,0,57
meta/analyze.js,7,js,00e8e69c,JayManjrekar0827,2026-05-08,22:01:13,-07:00,2026-05-08T22:01:13-07:00,0,37
meta/analyze.js,8,js,00e8e69c,JayManjrekar0827,2026-05-08,22:01:13,-07:00,2026-05-08T22:01:13-07:00,0,44
meta/analyze.js,9,js,00e8e69c,JayManjrekar0827,2026-05-08,22:01:13,-07:00,2026-05-08T22:01:13-07:00,0,15
meta/analyze.js,10,js,00e8e69c,JayManjrekar0827,2026-05-08,22:01:13,-07:00,2026-05-08T22:01:13-07:00,0,53
meta/analyze.js,11,js,00e8e69c,JayManjrekar0827,2026-05-08,22:01:13,-07:00,2026-05-08T22:01:13-07:00,0,75
meta/analyze.js,12,js,00e8e69c,JayManjrekar0827,2026-05-08,22:01:13,-07:00,2026-05-08T22:01:13-07:00,0,0
meta/analyze.js,13,js,00e8e69c,JayManjrekar0827,2026-05-08,22:01:13,-07:00,2026-05-08T22:01:13-07:00,0,30
meta/analyze.js,14,js,00e8e69c,JayManjrekar0827,2026-05-08,22:01:13,-07:00,2026-05-08T22:01:13-07:00,1,37
meta/analyze.js,15,js,00e8e69c,JayManjrekar0827,2026-05-08,22:01:13,-07:00,2026-05-08T22:01:13-07:00,2,50
meta/analyze.js,16,js,00e8e69c,JayManjrekar0827,2026-05-08,22:01:13,-07:00,2026-05-08T22:01:13-07:00,3,7
meta/analyze.js,17,js,00e8e69c,JayManjrekar0827,2026-05-08,22:01:13,-07:00,2026-05-08T22:01:13-07:00,2,0
meta/analyze.js,18,js,00e8e69c,JayManjrekar0827,2026-05-08,22:01:13,-07:00,2026-05-08T22:01:13-07:00,2,28
meta/analyze.js,19,js,00e8e69c,JayManjrekar0827,2026-05-08,22:01:13,-07:00,2026-05-08T22:01:13-07:00,2,23
meta/analyze.js,20,js,00e8e69c,JayManjrekar0827,2026-05-08,22:01:13,-07:00,2026-05-08T22:01:13-07:00,2,20
meta/analyze.js,21,js,00e8e69c,JayManjrekar0827,2026-05-08,22:01:13,-07:00,2026-05-08T22:01:13-07:00,3,16
meta/analyze.js,22,js,00e8e69c,JayManjrekar0827,2026-05-08,22:01:13,-07:00,2026-05-08T22:01:13-07:00,2,6
meta/analyze.js,23,js,00e8e69c,JayManjrekar0827,2026-05-08,22:01:13,-07:00,2026-05-08T22:01:13-07:00,3,47
meta/analyze.js,24,js,00e8e69c,JayManjrekar0827,2026-05-08,22:01:13,-07:00,2026-05-08T22:01:13-07:00,3,19
meta/analyze.js,25,js,00e8e69c,JayManjrekar0827,2026-05-08,22:01:13,-07:00,2026-05-08T22:01:13-07:00,4,15
meta/analyze.js,26,js,00e8e69c,JayManjrekar0827,2026-05-08,22:01:13,-07:00,2026-05-08T22:01:13-07:00,3,0
meta/analyze.js,27,js,00e8e69c,JayManjrekar0827,2026-05-08,22:01:13,-07:00,2026-05-08T22:01:13-07:00,2,0
meta/analyze.js,28,js,00e8e69c,JayManjrekar0827,2026-05-08,22:01:13,-07:00,2026-05-08T22:01:13-07:00,1,0
meta/analyze.js,29,js,00e8e69c,JayManjrekar0827,2026-05-08,22:01:13,-07:00,2026-05-08T22:01:13-07:00,1,11
meta/analyze.js,30,js,00e8e69c,JayManjrekar0827,2026-05-08,22:01:13,-07:00,2026-05-08T22:01:13-07:00,0,0
meta/analyze.js,31,js,00e8e69c,JayManjrekar0827,2026-05-08,22:01:13,-07:00,2026-05-08T22:01:13-07:00,0,0
meta/analyze.js,32,js,00e8e69c,JayManjrekar0827,2026-05-08,22:01:13,-07:00,2026-05-08T22:01:13-07:00,0,26
meta/analyze.js,33,js,00e8e69c,JayManjrekar0827,2026-05-08,22:01:13,-07:00,2026-05-08T22:01:13-07:00,1,12
meta/analyze.js,34,js,00e8e69c,JayManjrekar0827,2026-05-08,22:01:13,-07:00,2026-05-08T22:01:13-07:00,1,8
meta/analyze.js,35,js,00e8e69c,JayManjrekar0827,2026-05-08,22:01:13,-07:00,2026-05-08T22:01:13-07:00,1,23
meta/analyze.js,36,js,00e8e69c,JayManjrekar0827,2026-05-08,22:01:13,-07:00,2026-05-08T22:01:13-07:00,2,17
meta/analyze.js,37,js,00e8e69c,JayManjrekar0827,2026-05-08,22:01:13,-07:00,2026-05-08T22:01:13-07:00,2,16
meta/analyze.js,38,js,00e8e69c,JayManjrekar0827,2026-05-08,22:01:13,-07:00,2026-05-08T22:01:13-07:00,3,9
meta/analyze.js,39,js,00e8e69c,JayManjrekar0827,2026-05-08,22:01:13,-07:00,2026-05-08T22:01:13-07:00,3,5
meta/analyze.js,40,js,00e8e69c,JayManjrekar0827,2026-05-08,22:01:13,-07:00,2026-05-08T22:01:13-07:00,2,22
meta/analyze.js,41,js,00e8e69c,JayManjrekar0827,2026-05-08,22:01:13,-07:00,2026-05-08T22:01:13-07:00,3,12
meta/analyze.js,42,js,00e8e69c,JayManjrekar0827,2026-05-08,22:01:13,-07:00,2026-05-08T22:01:13-07:00,3,42
meta/analyze.js,43,js,00e8e69c,JayManjrekar0827,2026-05-08,22:01:13,-07:00,2026-05-08T22:01:13-07:00,4,9
meta/analyze.js,44,js,00e8e69c,JayManjrekar0827,2026-05-08,22:01:13,-07:00,2026-05-08T22:01:13-07:00,4,5
meta/analyze.js,45,js,00e8e69c,JayManjrekar0827,2026-05-08,22:01:13,-07:00,2026-05-08T22:01:13-07:00,3,0
meta/analyze.js,46,js,00e8e69c,JayManjrekar0827,2026-05-08,22:01:13,-07:00,2026-05-08T22:01:13-07:00,3,34
meta/analyze.js,47,js,00e8e69c,JayManjrekar0827,2026-05-08,22:01:13,-07:00,2026-05-08T22:01:13-07:00,2,6
meta/analyze.js,48,js,00e8e69c,JayManjrekar0827,2026-05-08,22:01:13,-07:00,2026-05-08T22:01:13-07:00,3,4
meta/analyze.js,49,js,00e8e69c,JayManjrekar0827,2026-05-08,22:01:13,-07:00,2026-05-08T22:01:13-07:00,2,0
meta/analyze.js,50,js,00e8e69c,JayManjrekar0827,2026-05-08,22:01:13,-07:00,2026-05-08T22:01:13-07:00,1,0
meta/analyze.js,51,js,00e8e69c,JayManjrekar0827,2026-05-08,22:01:13,-07:00,2026-05-08T22:01:13-07:00,1,11
meta/analyze.js,52,js,00e8e69c,JayManjrekar0827,2026-05-08,22:01:13,-07:00,2026-05-08T22:01:13-07:00,0,0
meta/analyze.js,53,js,00e8e69c,JayManjrekar0827,2026-05-08,22:01:13,-07:00,2026-05-08T22:01:13-07:00,0,0
meta/analyze.js,54,js,00e8e69c,JayManjrekar0827,2026-05-08,22:01:13,-07:00,2026-05-08T22:01:13-07:00,0,24
meta/analyze.js,55,js,00e8e69c,JayManjrekar0827,2026-05-08,22:01:13,-07:00,2026-05-08T22:01:13-07:00,1,23
meta/analyze.js,56,js,00e8e69c,JayManjrekar0827,2026-05-08,22:01:13,-07:00,2026-05-08T22:01:13-07:00,2,4
meta/analyze.js,57,js,00e8e69c,JayManjrekar0827,2026-05-08,22:01:13,-07:00,2026-05-08T22:01:13-07:00,2,40
meta/analyze.js,58,js,00e8e69c,JayManjrekar0827,2026-05-08,22:01:13,-07:00,2026-05-08T22:01:13-07:00,2,59
meta/analyze.js,59,js,00e8e69c,JayManjrekar0827,2026-05-08,22:01:13,-07:00,2026-05-08T22:01:13-07:00,1,0
meta/analyze.js,60,js,00e8e69c,JayManjrekar0827,2026-05-08,22:01:13,-07:00,2026-05-08T22:01:13-07:00,1,28
meta/analyze.js,61,js,00e8e69c,JayManjrekar0827,2026-05-08,22:01:13,-07:00,2026-05-08T22:01:13-07:00,1,17
meta/analyze.js,62,js,00e8e69c,JayManjrekar0827,2026-05-08,22:01:13,-07:00,2026-05-08T22:01:13-07:00,1,13
meta/analyze.js,63,js,00e8e69c,JayManjrekar0827,2026-05-08,22:01:13,-07:00,2026-05-08T22:01:13-07:00,1,38
meta/analyze.js,64,js,00e8e69c,JayManjrekar0827,2026-05-08,22:01:13,-07:00,2026-05-08T22:01:13-07:00,2,20
meta/analyze.js,65,js,00e8e69c,JayManjrekar0827,2026-05-08,22:01:13,-07:00,2026-05-08T22:01:13-07:00,2,26
meta/analyze.js,66,js,00e8e69c,JayManjrekar0827,2026-05-08,22:01:13,-07:00,2026-05-08T22:01:13-07:00,3,26
meta/analyze.js,67,js,00e8e69c,JayManjrekar0827,2026-05-08,22:01:13,-07:00,2026-05-08T22:01:13-07:00,3,16
meta/analyze.js,68,js,00e8e69c,JayManjrekar0827,2026-05-08,22:01:13,-07:00,2026-05-08T22:01:13-07:00,3,9
meta/analyze.js,69,js,00e8e69c,JayManjrekar0827,2026-05-08,22:01:13,-07:00,2026-05-08T22:01:13-07:00,3,7
meta/analyze.js,70,js,00e8e69c,JayManjrekar0827,2026-05-08,22:01:13,-07:00,2026-05-08T22:01:13-07:00,2,0
meta/analyze.js,71,js,00e8e69c,JayManjrekar0827,2026-05-08,22:01:13,-07:00,2026-05-08T22:01:13-07:00,2,17
meta/analyze.js,72,js,00e8e69c,JayManjrekar0827,2026-05-08,22:01:13,-07:00,2026-05-08T22:01:13-07:00,3,28
meta/analyze.js,73,js,00e8e69c,JayManjrekar0827,2026-05-08,22:01:13,-07:00,2026-05-08T22:01:13-07:00,3,12
meta/analyze.js,74,js,00e8e69c,JayManjrekar0827,2026-05-08,22:01:13,-07:00,2026-05-08T22:01:13-07:00,3,7
meta/analyze.js,75,js,00e8e69c,JayManjrekar0827,2026-05-08,22:01:13,-07:00,2026-05-08T22:01:13-07:00,2,0
meta/analyze.js,76,js,00e8e69c,JayManjrekar0827,2026-05-08,22:01:13,-07:00,2026-05-08T22:01:13-07:00,2,31
meta/analyze.js,77,js,00e8e69c,JayManjrekar0827,2026-05-08,22:01:13,-07:00,2026-05-08T22:01:13-07:00,3,40
meta/analyze.js,78,js,00e8e69c,JayManjrekar0827,2026-05-08,22:01:13,-07:00,2026-05-08T22:01:13-07:00,2,43
meta/analyze.js,79,js,00e8e69c,JayManjrekar0827,2026-05-08,22:01:13,-07:00,2026-05-08T22:01:13-07:00,3,63
meta/analyze.js,80,js,00e8e69c,JayManjrekar0827,2026-05-08,22:01:13,-07:00,2026-05-08T22:01:13-07:00,2,41
meta/analyze.js,81,js,00e8e69c,JayManjrekar0827,2026-05-08,22:01:13,-07:00,2026-05-08T22:01:13-07:00,3,45
meta/analyze.js,82,js,00e8e69c,JayManjrekar0827,2026-05-08,22:01:13,-07:00,2026-05-08T22:01:13-07:00,2,0
meta/analyze.js,83,js,00e8e69c,JayManjrekar0827,2026-05-08,22:01:13,-07:00,2026-05-08T22:01:13-07:00,1,0
meta/analyze.js,84,js,00e8e69c,JayManjrekar0827,2026-05-08,22:01:13,-07:00,2026-05-08T22:01:13-07:00,1,13
meta/analyze.js,85,js,00e8e69c,JayManjrekar0827,2026-05-08,22:01:13,-07:00,2026-05-08T22:01:13-07:00,0,0
meta/analyze.js,86,js,00e8e69c,JayManjrekar0827,2026-05-08,22:01:13,-07:00,2026-05-08T22:01:13-07:00,0,0
meta/analyze.js,87,js,00e8e69c,JayManjrekar0827,2026-05-08,22:01:13,-07:00,2026-05-08T22:01:13-07:00,0,40
meta/analyze.js,88,js,00e8e69c,JayManjrekar0827,2026-05-08,22:01:13,-07:00,2026-05-08T22:01:13-07:00,1,39
meta/analyze.js,89,js,00e8e69c,JayManjrekar0827,2026-05-08,22:01:13,-07:00,2026-05-08T22:01:13-07:00,1,24
meta/analyze.js,90,js,00e8e69c,JayManjrekar0827,2026-05-08,22:01:13,-07:00,2026-05-08T22:01:13-07:00,1,46
meta/analyze.js,91,js,00e8e69c,JayManjrekar0827,2026-05-08,22:01:13,-07:00,2026-05-08T22:01:13-07:00,1,48
meta/analyze.js,92,js,00e8e69c,JayManjrekar0827,2026-05-08,22:01:13,-07:00,2026-05-08T22:01:13-07:00,1,61
meta/analyze.js,93,js,00e8e69c,JayManjrekar0827,2026-05-08,22:01:13,-07:00,2026-05-08T22:01:13-07:00,1,59
meta/analyze.js,94,js,00e8e69c,JayManjrekar0827,2026-05-08,22:01:13,-07:00,2026-05-08T22:01:13-07:00,1,34
meta/analyze.js,95,js,00e8e69c,JayManjrekar0827,2026-05-08,22:01:13,-07:00,2026-05-08T22:01:13-07:00,1,58
meta/analyze.js,96,js,00e8e69c,JayManjrekar0827,2026-05-08,22:01:13,-07:00,2026-05-08T22:01:13-07:00,1,53
meta/analyze.js,97,js,00e8e69c,JayManjrekar0827,2026-05-08,22:01:13,-07:00,2026-05-08T22:01:13-07:00,1,54
meta/analyze.js,98,js,00e8e69c,JayManjrekar0827,2026-05-08,22:01:13,-07:00,2026-05-08T22:01:13-07:00,1,56
meta/analyze.js,99,js,00e8e69c,JayManjrekar0827,2026-05-08,22:01:13,-07:00,2026-05-08T22:01:13-07:00,1,56
meta/analyze.js,100,js,00e8e69c,JayManjrekar0827,2026-05-08,22:01:13,-07:00,2026-05-08T22:01:13-07:00,1,50
meta/analyze.js,101,js,00e8e69c,JayManjrekar0827,2026-05-08,22:01:13,-07:00,2026-05-08T22:01:13-07:00,1,6
meta/analyze.js,102,js,00e8e69c,JayManjrekar0827,2026-05-08,22:01:13,-07:00,2026-05-08T22:01:13-07:00,2,26
meta/analyze.js,103,js,00e8e69c,JayManjrekar0827,2026-05-08,22:01:13,-07:00,2026-05-08T22:01:13-07:00,2,24
meta/analyze.js,104,js,00e8e69c,JayManjrekar0827,2026-05-08,22:01:13,-07:00,2026-05-08T22:01:13-07:00,2,17
meta/analyze.js,105,js,00e8e69c,JayManjrekar0827,2026-05-08,22:01:13,-07:00,2026-05-08T22:01:13-07:00,2,59
meta/analyze.js,106,js,00e8e69c,JayManjrekar0827,2026-05-08,22:01:13,-07:00,2026-05-08T22:01:13-07:00,1,0
meta/analyze.js,107,js,00e8e69c,JayManjrekar0827,2026-05-08,22:01:13,-07:00,2026-05-08T22:01:13-07:00,0,0
meta/analyze.js,108,js,00e8e69c,JayManjrekar0827,2026-05-08,22:01:13,-07:00,2026-05-08T22:01:13-07:00,0,0
meta/analyze.js,109,js,00e8e69c,JayManjrekar0827,2026-05-08,22:01:13,-07:00,2026-05-08T22:01:13-07:00,0,24
meta/analyze.js,110,js,00e8e69c,JayManjrekar0827,2026-05-08,22:01:13,-07:00,2026-05-08T22:01:13-07:00,1,28
meta/analyze.js,111,js,00e8e69c,JayManjrekar0827,2026-05-08,22:01:13,-07:00,2026-05-08T22:01:13-07:00,1,23
meta/analyze.js,112,js,00e8e69c,JayManjrekar0827,2026-05-08,22:01:13,-07:00,2026-05-08T22:01:13-07:00,2,34
meta/analyze.js,113,js,00e8e69c,JayManjrekar0827,2026-05-08,22:01:13,-07:00,2026-05-08T22:01:13-07:00,1,0
meta/analyze.js,114,js,00e8e69c,JayManjrekar0827,2026-05-08,22:01:13,-07:00,2026-05-08T22:01:13-07:00,1,7
meta/analyze.js,115,js,00e8e69c,JayManjrekar0827,2026-05-08,22:01:13,-07:00,2026-05-08T22:01:13-07:00,0,0
meta/analyze.js,116,js,00e8e69c,JayManjrekar0827,2026-05-08,22:01:13,-07:00,2026-05-08T22:01:13-07:00,0,0
meta/analyze.js,117,js,00e8e69c,JayManjrekar0827,2026-05-08,22:01:13,-07:00,2026-05-08T22:01:13-07:00,0,15
meta/analyze.js,118,js,00e8e69c,JayManjrekar0827,2026-05-08,22:01:13,-07:00,2026-05-08T22:01:13-07:00,1,41
meta/analyze.js,119,js,00e8e69c,JayManjrekar0827,2026-05-08,22:01:13,-07:00,2026-05-08T22:01:13-07:00,1,23
meta/analyze.js,120,js,00e8e69c,JayManjrekar0827,2026-05-08,22:01:13,-07:00,2026-05-08T22:01:13-07:00,1,14
meta/analyze.js,121,js,00e8e69c,JayManjrekar0827,2026-05-08,22:01:13,-07:00,2026-05-08T22:01:13-07:00,2,5
meta/analyze.js,122,js,00e8e69c,JayManjrekar0827,2026-05-08,22:01:13,-07:00,2026-05-08T22:01:13-07:00,2,5
meta/analyze.js,123,js,00e8e69c,JayManjrekar0827,2026-05-08,22:01:13,-07:00,2026-05-08T22:01:13-07:00,2,5
meta/analyze.js,124,js,00e8e69c,JayManjrekar0827,2026-05-08,22:01:13,-07:00,2026-05-08T22:01:13-07:00,2,7
meta/analyze.js,125,js,00e8e69c,JayManjrekar0827,2026-05-08,22:01:13,-07:00,2026-05-08T22:01:13-07:00,2,5
meta/analyze.js,126,js,00e8e69c,JayManjrekar0827,2026-05-08,22:01:13,-07:00,2026-05-08T22:01:13-07:00,2,5
meta/analyze.js,127,js,00e8e69c,JayManjrekar0827,2026-05-08,22:01:13,-07:00,2026-05-08T22:01:13-07:00,2,9
meta/analyze.js,128,js,00e8e69c,JayManjrekar0827,2026-05-08,22:01:13,-07:00,2026-05-08T22:01:13-07:00,2,9
meta/analyze.js,129,js,00e8e69c,JayManjrekar0827,2026-05-08,22:01:13,-07:00,2026-05-08T22:01:13-07:00,2,7
meta/analyze.js,130,js,00e8e69c,JayManjrekar0827,2026-05-08,22:01:13,-07:00,2026-05-08T22:01:13-07:00,2,6
meta/analyze.js,131,js,00e8e69c,JayManjrekar0827,2026-05-08,22:01:13,-07:00,2026-05-08T22:01:13-07:00,2,7
meta/analyze.js,132,js,00e8e69c,JayManjrekar0827,2026-05-08,22:01:13,-07:00,2026-05-08T22:01:13-07:00,1,0
meta/analyze.js,133,js,00e8e69c,JayManjrekar0827,2026-05-08,22:01:13,-07:00,2026-05-08T22:01:13-07:00,1,30
meta/analyze.js,134,js,00e8e69c,JayManjrekar0827,2026-05-08,22:01:13,-07:00,2026-05-08T22:01:13-07:00,0,0
meta/analyze.js,135,js,00e8e69c,JayManjrekar0827,2026-05-08,22:01:13,-07:00,2026-05-08T22:01:13-07:00,1,25
meta/analyze.js,136,js,00e8e69c,JayManjrekar0827,2026-05-08,22:01:13,-07:00,2026-05-08T22:01:13-07:00,2,31
meta/analyze.js,137,js,00e8e69c,JayManjrekar0827,2026-05-08,22:01:13,-07:00,2026-05-08T22:01:13-07:00,2,48
meta/analyze.js,138,js,00e8e69c,JayManjrekar0827,2026-05-08,22:01:13,-07:00,2026-05-08T22:01:13-07:00,2,8
meta/analyze.js,139,js,00e8e69c,JayManjrekar0827,2026-05-08,22:01:13,-07:00,2026-05-08T22:01:13-07:00,2,3
meta/analyze.js,140,js,00e8e69c,JayManjrekar0827,2026-05-08,22:01:13,-07:00,2026-05-08T22:01:13-07:00,3,22
meta/analyze.js,141,js,00e8e69c,JayManjrekar0827,2026-05-08,22:01:13,-07:00,2026-05-08T22:01:13-07:00,2,13
meta/analyze.js,142,js,00e8e69c,JayManjrekar0827,2026-05-08,22:01:13,-07:00,2026-05-08T22:01:13-07:00,3,46
meta/analyze.js,143,js,00e8e69c,JayManjrekar0827,2026-05-08,22:01:13,-07:00,2026-05-08T22:01:13-07:00,3,7
meta/analyze.js,144,js,00e8e69c,JayManjrekar0827,2026-05-08,22:01:13,-07:00,2026-05-08T22:01:13-07:00,2,0
meta/analyze.js,145,js,00e8e69c,JayManjrekar0827,2026-05-08,22:01:13,-07:00,2026-05-08T22:01:13-07:00,2,27
meta/analyze.js,146,js,00e8e69c,JayManjrekar0827,2026-05-08,22:01:13,-07:00,2026-05-08T22:01:13-07:00,3,29
meta/analyze.js,147,js,00e8e69c,JayManjrekar0827,2026-05-08,22:01:13,-07:00,2026-05-08T22:01:13-07:00,3,26
meta/analyze.js,148,js,00e8e69c,JayManjrekar0827,2026-05-08,22:01:13,-07:00,2026-05-08T22:01:13-07:00,3,56
meta/analyze.js,149,js,00e8e69c,JayManjrekar0827,2026-05-08,22:01:13,-07:00,2026-05-08T22:01:13-07:00,4,13
meta/analyze.js,150,js,00e8e69c,JayManjrekar0827,2026-05-08,22:01:13,-07:00,2026-05-08T22:01:13-07:00,4,11
meta/analyze.js,151,js,00e8e69c,JayManjrekar0827,2026-05-08,22:01:13,-07:00,2026-05-08T22:01:13-07:00,3,0
meta/analyze.js,152,js,00e8e69c,JayManjrekar0827,2026-05-08,22:01:13,-07:00,2026-05-08T22:01:13-07:00,3,8
meta/analyze.js,153,js,00e8e69c,JayManjrekar0827,2026-05-08,22:01:13,-07:00,2026-05-08T22:01:13-07:00,4,0
meta/analyze.js,154,js,00e8e69c,JayManjrekar0827,2026-05-08,22:01:13,-07:00,2026-05-08T22:01:13-07:00,5,12
meta/analyze.js,155,js,00e8e69c,JayManjrekar0827,2026-05-08,22:01:13,-07:00,2026-05-08T22:01:13-07:00,5,6
meta/analyze.js,156,js,00e8e69c,JayManjrekar0827,2026-05-08,22:01:13,-07:00,2026-05-08T22:01:13-07:00,5,13
meta/analyze.js,157,js,00e8e69c,JayManjrekar0827,2026-05-08,22:01:13,-07:00,2026-05-08T22:01:13-07:00,5,16
meta/analyze.js,158,js,00e8e69c,JayManjrekar0827,2026-05-08,22:01:13,-07:00,2026-05-08T22:01:13-07:00,5,13
meta/analyze.js,159,js,00e8e69c,JayManjrekar0827,2026-05-08,22:01:13,-07:00,2026-05-08T22:01:13-07:00,5,13
meta/analyze.js,160,js,00e8e69c,JayManjrekar0827,2026-05-08,22:01:13,-07:00,2026-05-08T22:01:13-07:00,5,17
meta/analyze.js,161,js,00e8e69c,JayManjrekar0827,2026-05-08,22:01:13,-07:00,2026-05-08T22:01:13-07:00,5,17
meta/analyze.js,162,js,00e8e69c,JayManjrekar0827,2026-05-08,22:01:13,-07:00,2026-05-08T22:01:13-07:00,5,19
meta/analyze.js,163,js,00e8e69c,JayManjrekar0827,2026-05-08,22:01:13,-07:00,2026-05-08T22:01:13-07:00,5,16
meta/analyze.js,164,js,00e8e69c,JayManjrekar0827,2026-05-08,22:01:13,-07:00,2026-05-08T22:01:13-07:00,5,13
meta/analyze.js,165,js,00e8e69c,JayManjrekar0827,2026-05-08,22:01:13,-07:00,2026-05-08T22:01:13-07:00,4,10
meta/analyze.js,166,js,00e8e69c,JayManjrekar0827,2026-05-08,22:01:13,-07:00,2026-05-08T22:01:13-07:00,3,0
meta/analyze.js,167,js,00e8e69c,JayManjrekar0827,2026-05-08,22:01:13,-07:00,2026-05-08T22:01:13-07:00,2,1
meta/analyze.js,168,js,00e8e69c,JayManjrekar0827,2026-05-08,22:01:13,-07:00,2026-05-08T22:01:13-07:00,1,0
meta/analyze.js,169,js,00e8e69c,JayManjrekar0827,2026-05-08,22:01:13,-07:00,2026-05-08T22:01:13-07:00,0,0
meta/analyze.js,170,js,00e8e69c,JayManjrekar0827,2026-05-08,22:01:13,-07:00,2026-05-08T22:01:13-07:00,1,44
meta/analyze.js,171,js,00e8e69c,JayManjrekar0827,2026-05-08,22:01:13,-07:00,2026-05-08T22:01:13-07:00,1,57
meta/analyze.js,172,js,00e8e69c,JayManjrekar0827,2026-05-08,22:01:13,-07:00,2026-05-08T22:01:13-07:00,0,0
meta/analyze.js,173,js,00e8e69c,JayManjrekar0827,2026-05-08,22:01:13,-07:00,2026-05-08T22:01:13-07:00,0,0
meta/analyze.js,174,js,00e8e69c,JayManjrekar0827,2026-05-08,22:01:13,-07:00,2026-05-08T22:01:13-07:00,0,5
cv/index.html,1,html,71cd646,JayManjrekar0827,2026-04-04,17:27:50,-07:00,2026-04-04T17:27:50-07:00,0,13
cv/index.html,2,html,71cd646,JayManjrekar0827,2026-04-04,17:27:50,-07:00,2026-04-04T17:27:50-07:00,0,14
cv/index.html,3,html,71cd646,JayManjrekar0827,2026-04-04,17:27:50,-07:00,2026-04-04T17:27:50-07:00,0,4
cv/index.html,4,html,71cd646,JayManjrekar0827,2026-04-04,17:27:50,-07:00,2026-04-04T17:27:50-07:00,1,20
cv/index.html,5,html,71cd646,JayManjrekar0827,2026-04-04,17:27:50,-07:00,2026-04-04T17:27:50-07:00,1,68
cv/index.html,6,html,98e44f36,JayManjrekar0827,2026-04-04,17:33:29,-07:00,2026-04-04T17:33:29-07:00,1,31
cv/index.html,7,html,71cd646,JayManjrekar0827,2026-04-04,17:27:50,-07:00,2026-04-04T17:27:50-07:00,1,41
cv/index.html,8,html,71cd646,JayManjrekar0827,2026-04-04,17:27:50,-07:00,2026-04-04T17:27:50-07:00,0,5
cv/index.html,9,html,71cd646,JayManjrekar0827,2026-04-04,17:27:50,-07:00,2026-04-04T17:27:50-07:00,0,4
cv/index.html,10,html,40093e8f,JayManjrekar0827,2026-04-11,20:46:26,-07:00,2026-04-11T20:46:26-07:00,1,20
cv/index.html,11,html,98e44f36,JayManjrekar0827,2026-04-04,17:33:29,-07:00,2026-04-04T17:33:29-07:00,1,20
cv/index.html,12,html,98e44f36,JayManjrekar0827,2026-04-04,17:33:29,-07:00,2026-04-04T17:33:29-07:00,1,1
cv/index.html,13,html,98e44f36,JayManjrekar0827,2026-04-04,17:33:29,-07:00,2026-04-04T17:33:29-07:00,2,43
cv/index.html,14,html,98e44f36,JayManjrekar0827,2026-04-04,17:33:29,-07:00,2026-04-04T17:33:29-07:00,2,66
cv/index.html,15,html,98e44f36,JayManjrekar0827,2026-04-04,17:33:29,-07:00,2026-04-04T17:33:29-07:00,2,114
cv/index.html,16,html,98e44f36,JayManjrekar0827,2026-04-04,17:33:29,-07:00,2026-04-04T17:33:29-07:00,1,2
cv/index.html,17,html,71cd646,JayManjrekar0827,2026-04-04,17:27:50,-07:00,2026-04-04T17:27:50-07:00,0,0
cv/index.html,18,html,71cd646,JayManjrekar0827,2026-04-04,17:27:50,-07:00,2026-04-04T17:27:50-07:00,1,22
cv/index.html,19,html,71cd646,JayManjrekar0827,2026-04-04,17:27:50,-07:00,2026-04-04T17:27:50-07:00,2,16
cv/index.html,20,html,71cd646,JayManjrekar0827,2026-04-04,17:27:50,-07:00,2026-04-04T17:27:50-07:00,2,7
cv/index.html,21,html,71cd646,JayManjrekar0827,2026-04-04,17:27:50,-07:00,2026-04-04T17:27:50-07:00,3,6
cv/index.html,22,html,98e44f36,JayManjrekar0827,2026-04-04,17:33:29,-07:00,2026-04-04T17:33:29-07:00,4,42
cv/index.html,23,html,98e44f36,JayManjrekar0827,2026-04-04,17:33:29,-07:00,2026-04-04T17:33:29-07:00,4,100
cv/index.html,24,html,71cd646,JayManjrekar0827,2026-04-04,17:27:50,-07:00,2026-04-04T17:27:50-07:00,3,7
cv/index.html,25,html,98e44f36,JayManjrekar0827,2026-04-04,17:33:29,-07:00,2026-04-04T17:33:29-07:00,3,219
cv/index.html,26,html,71cd646,JayManjrekar0827,2026-04-04,17:27:50,-07:00,2026-04-04T17:27:50-07:00,2,8
cv/index.html,27,html,71cd646,JayManjrekar0827,2026-04-04,17:27:50,-07:00,2026-04-04T17:27:50-07:00,1,8
cv/index.html,28,html,71cd646,JayManjrekar0827,2026-04-04,17:27:50,-07:00,2026-04-04T17:27:50-07:00,0,0
cv/index.html,29,html,98e44f36,JayManjrekar0827,2026-04-04,17:33:29,-07:00,2026-04-04T17:33:29-07:00,1,19
cv/index.html,30,html,98e44f36,JayManjrekar0827,2026-04-04,17:33:29,-07:00,2026-04-04T17:33:29-07:00,2,13
cv/index.html,31,html,98e44f36,JayManjrekar0827,2026-04-04,17:33:29,-07:00,2026-04-04T17:33:29-07:00,2,1
cv/index.html,32,html,98e44f36,JayManjrekar0827,2026-04-04,17:33:29,-07:00,2026-04-04T17:33:29-07:00,3,116
cv/index.html,33,html,98e44f36,JayManjrekar0827,2026-04-04,17:33:29,-07:00,2026-04-04T17:33:29-07:00,3,101
cv/index.html,34,html,98e44f36,JayManjrekar0827,2026-04-04,17:33:29,-07:00,2026-04-04T17:33:29-07:00,2,2
cv/index.html,35,html,98e44f36,JayManjrekar0827,2026-04-04,17:33:29,-07:00,2026-04-04T17:33:29-07:00,1,8
cv/index.html,36,html,98e44f36,JayManjrekar0827,2026-04-04,17:33:29,-07:00,2026-04-04T17:33:29-07:00,0,0
cv/index.html,37,html,71cd646,JayManjrekar0827,2026-04-04,17:27:50,-07:00,2026-04-04T17:27:50-07:00,1,23
cv/index.html,38,html,71cd646,JayManjrekar0827,2026-04-04,17:27:50,-07:00,2026-04-04T17:27:50-07:00,2,17
cv/index.html,39,html,98e44f36,JayManjrekar0827,2026-04-04,17:33:29,-07:00,2026-04-04T17:33:29-07:00,0,0
cv/index.html,40,html,71cd646,JayManjrekar0827,2026-04-04,17:27:50,-07:00,2026-04-04T17:27:50-07:00,2,7
cv/index.html,41,html,71cd646,JayManjrekar0827,2026-04-04,17:27:50,-07:00,2026-04-04T17:27:50-07:00,3,6
cv/index.html,42,html,98e44f36,JayManjrekar0827,2026-04-04,17:33:29,-07:00,2026-04-04T17:33:29-07:00,4,59
cv/index.html,43,html,98e44f36,JayManjrekar0827,2026-04-04,17:33:29,-07:00,2026-04-04T17:33:29-07:00,4,108
cv/index.html,44,html,71cd646,JayManjrekar0827,2026-04-04,17:27:50,-07:00,2026-04-04T17:27:50-07:00,3,7
cv/index.html,45,html,71cd646,JayManjrekar0827,2026-04-04,17:27:50,-07:00,2026-04-04T17:27:50-07:00,3,2
cv/index.html,46,html,98e44f36,JayManjrekar0827,2026-04-04,17:33:29,-07:00,2026-04-04T17:33:29-07:00,4,105
cv/index.html,47,html,98e44f36,JayManjrekar0827,2026-04-04,17:33:29,-07:00,2026-04-04T17:33:29-07:00,4,117
cv/index.html,48,html,98e44f36,JayManjrekar0827,2026-04-04,17:33:29,-07:00,2026-04-04T17:33:29-07:00,4,103
cv/index.html,49,html,98e44f36,JayManjrekar0827,2026-04-04,17:33:29,-07:00,2026-04-04T17:33:29-07:00,4,105
cv/index.html,50,html,71cd646,JayManjrekar0827,2026-04-04,17:27:50,-07:00,2026-04-04T17:27:50-07:00,3,3
cv/index.html,51,html,71cd646,JayManjrekar0827,2026-04-04,17:27:50,-07:00,2026-04-04T17:27:50-07:00,2,8
cv/index.html,52,html,98e44f36,JayManjrekar0827,2026-04-04,17:33:29,-07:00,2026-04-04T17:33:29-07:00,0,0
cv/index.html,53,html,71cd646,JayManjrekar0827,2026-04-04,17:27:50,-07:00,2026-04-04T17:27:50-07:00,2,7
cv/index.html,54,html,71cd646,JayManjrekar0827,2026-04-04,17:27:50,-07:00,2026-04-04T17:27:50-07:00,3,6
cv/index.html,55,html,98e44f36,JayManjrekar0827,2026-04-04,17:33:29,-07:00,2026-04-04T17:33:29-07:00,4,43
cv/index.html,56,html,98e44f36,JayManjrekar0827,2026-04-04,17:33:29,-07:00,2026-04-04T17:33:29-07:00,4,100
cv/index.html,57,html,71cd646,JayManjrekar0827,2026-04-04,17:27:50,-07:00,2026-04-04T17:27:50-07:00,3,7
cv/index.html,58,html,71cd646,JayManjrekar0827,2026-04-04,17:27:50,-07:00,2026-04-04T17:27:50-07:00,3,2
cv/index.html,59,html,98e44f36,JayManjrekar0827,2026-04-04,17:33:29,-07:00,2026-04-04T17:33:29-07:00,4,112
cv/index.html,60,html,98e44f36,JayManjrekar0827,2026-04-04,17:33:29,-07:00,2026-04-04T17:33:29-07:00,4,99
cv/index.html,61,html,98e44f36,JayManjrekar0827,2026-04-04,17:33:29,-07:00,2026-04-04T17:33:29-07:00,4,102
cv/index.html,62,html,98e44f36,JayManjrekar0827,2026-04-04,17:33:29,-07:00,2026-04-04T17:33:29-07:00,4,99
cv/index.html,63,html,98e44f36,JayManjrekar0827,2026-04-04,17:33:29,-07:00,2026-04-04T17:33:29-07:00,4,81
cv/index.html,64,html,71cd646,JayManjrekar0827,2026-04-04,17:27:50,-07:00,2026-04-04T17:27:50-07:00,3,3
cv/index.html,65,html,71cd646,JayManjrekar0827,2026-04-04,17:27:50,-07:00,2026-04-04T17:27:50-07:00,2,8
cv/index.html,66,html,71cd646,JayManjrekar0827,2026-04-04,17:27:50,-07:00,2026-04-04T17:27:50-07:00,0,0
cv/index.html,67,html,98e44f36,JayManjrekar0827,2026-04-04,17:33:29,-07:00,2026-04-04T17:33:29-07:00,2,7
cv/index.html,68,html,98e44f36,JayManjrekar0827,2026-04-04,17:33:29,-07:00,2026-04-04T17:33:29-07:00,3,6
cv/index.html,69,html,98e44f36,JayManjrekar0827,2026-04-04,17:33:29,-07:00,2026-04-04T17:33:29-07:00,4,49
cv/index.html,70,html,98e44f36,JayManjrekar0827,2026-04-04,17:33:29,-07:00,2026-04-04T17:33:29-07:00,4,104
cv/index.html,71,html,98e44f36,JayManjrekar0827,2026-04-04,17:33:29,-07:00,2026-04-04T17:33:29-07:00,3,7
cv/index.html,72,html,98e44f36,JayManjrekar0827,2026-04-04,17:33:29,-07:00,2026-04-04T17:33:29-07:00,3,2
cv/index.html,73,html,98e44f36,JayManjrekar0827,2026-04-04,17:33:29,-07:00,2026-04-04T17:33:29-07:00,4,117
cv/index.html,74,html,98e44f36,JayManjrekar0827,2026-04-04,17:33:29,-07:00,2026-04-04T17:33:29-07:00,4,99
cv/index.html,75,html,98e44f36,JayManjrekar0827,2026-04-04,17:33:29,-07:00,2026-04-04T17:33:29-07:00,4,111
cv/index.html,76,html,98e44f36,JayManjrekar0827,2026-04-04,17:33:29,-07:00,2026-04-04T17:33:29-07:00,4,95
cv/index.html,77,html,98e44f36,JayManjrekar0827,2026-04-04,17:33:29,-07:00,2026-04-04T17:33:29-07:00,3,3
cv/index.html,78,html,98e44f36,JayManjrekar0827,2026-04-04,17:33:29,-07:00,2026-04-04T17:33:29-07:00,2,8
cv/index.html,79,html,71cd646,JayManjrekar0827,2026-04-04,17:27:50,-07:00,2026-04-04T17:27:50-07:00,1,8
cv/index.html,80,html,71cd646,JayManjrekar0827,2026-04-04,17:27:50,-07:00,2026-04-04T17:27:50-07:00,0,0
cv/index.html,81,html,71cd646,JayManjrekar0827,2026-04-04,17:27:50,-07:00,2026-04-04T17:27:50-07:00,1,21
cv/index.html,82,html,98e44f36,JayManjrekar0827,2026-04-04,17:33:29,-07:00,2026-04-04T17:33:29-07:00,2,15
cv/index.html,83,html,98e44f36,JayManjrekar0827,2026-04-04,17:33:29,-07:00,2026-04-04T17:33:29-07:00,0,0
cv/index.html,84,html,98e44f36,JayManjrekar0827,2026-04-04,17:33:29,-07:00,2026-04-04T17:33:29-07:00,2,7
cv/index.html,85,html,98e44f36,JayManjrekar0827,2026-04-04,17:33:29,-07:00,2026-04-04T17:33:29-07:00,3,6
cv/index.html,86,html,98e44f36,JayManjrekar0827,2026-04-04,17:33:29,-07:00,2026-04-04T17:33:29-07:00,4,51
cv/index.html,87,html,98e44f36,JayManjrekar0827,2026-04-04,17:33:29,-07:00,2026-04-04T17:33:29-07:00,4,112
cv/index.html,88,html,98e44f36,JayManjrekar0827,2026-04-04,17:33:29,-07:00,2026-04-04T17:33:29-07:00,3,7
cv/index.html,89,html,98e44f36,JayManjrekar0827,2026-04-04,17:33:29,-07:00,2026-04-04T17:33:29-07:00,3,2
cv/index.html,90,html,98e44f36,JayManjrekar0827,2026-04-04,17:33:29,-07:00,2026-04-04T17:33:29-07:00,4,96
cv/index.html,91,html,98e44f36,JayManjrekar0827,2026-04-04,17:33:29,-07:00,2026-04-04T17:33:29-07:00,4,59
cv/index.html,92,html,98e44f36,JayManjrekar0827,2026-04-04,17:33:29,-07:00,2026-04-04T17:33:29-07:00,4,92
cv/index.html,93,html,98e44f36,JayManjrekar0827,2026-04-04,17:33:29,-07:00,2026-04-04T17:33:29-07:00,3,3
cv/index.html,94,html,98e44f36,JayManjrekar0827,2026-04-04,17:33:29,-07:00,2026-04-04T17:33:29-07:00,2,8
cv/index.html,95,html,98e44f36,JayManjrekar0827,2026-04-04,17:33:29,-07:00,2026-04-04T17:33:29-07:00,0,0
cv/index.html,96,html,71cd646,JayManjrekar0827,2026-04-04,17:27:50,-07:00,2026-04-04T17:27:50-07:00,2,7
cv/index.html,97,html,71cd646,JayManjrekar0827,2026-04-04,17:27:50,-07:00,2026-04-04T17:27:50-07:00,3,6
cv/index.html,98,html,98e44f36,JayManjrekar0827,2026-04-04,17:33:29,-07:00,2026-04-04T17:33:29-07:00,4,38
cv/index.html,99,html,98e44f36,JayManjrekar0827,2026-04-04,17:33:29,-07:00,2026-04-04T17:33:29-07:00,4,95
cv/index.html,100,html,71cd646,JayManjrekar0827,2026-04-04,17:27:50,-07:00,2026-04-04T17:27:50-07:00,3,7
cv/index.html,101,html,98e44f36,JayManjrekar0827,2026-04-04,17:33:29,-07:00,2026-04-04T17:33:29-07:00,3,2
cv/index.html,102,html,98e44f36,JayManjrekar0827,2026-04-04,17:33:29,-07:00,2026-04-04T17:33:29-07:00,4,94
cv/index.html,103,html,98e44f36,JayManjrekar0827,2026-04-04,17:33:29,-07:00,2026-04-04T17:33:29-07:00,4,69
cv/index.html,104,html,98e44f36,JayManjrekar0827,2026-04-04,17:33:29,-07:00,2026-04-04T17:33:29-07:00,4,102
cv/index.html,105,html,98e44f36,JayManjrekar0827,2026-04-04,17:33:29,-07:00,2026-04-04T17:33:29-07:00,3,3
cv/index.html,106,html,98e44f36,JayManjrekar0827,2026-04-04,17:33:29,-07:00,2026-04-04T17:33:29-07:00,2,8
cv/index.html,107,html,98e44f36,JayManjrekar0827,2026-04-04,17:33:29,-07:00,2026-04-04T17:33:29-07:00,0,0
cv/index.html,108,html,98e44f36,JayManjrekar0827,2026-04-04,17:33:29,-07:00,2026-04-04T17:33:29-07:00,2,7
cv/index.html,109,html,98e44f36,JayManjrekar0827,2026-04-04,17:33:29,-07:00,2026-04-04T17:33:29-07:00,3,6
cv/index.html,110,html,98e44f36,JayManjrekar0827,2026-04-04,17:33:29,-07:00,2026-04-04T17:33:29-07:00,4,43
cv/index.html,111,html,98e44f36,JayManjrekar0827,2026-04-04,17:33:29,-07:00,2026-04-04T17:33:29-07:00,4,124
cv/index.html,112,html,98e44f36,JayManjrekar0827,2026-04-04,17:33:29,-07:00,2026-04-04T17:33:29-07:00,3,7
cv/index.html,113,html,98e44f36,JayManjrekar0827,2026-04-04,17:33:29,-07:00,2026-04-04T17:33:29-07:00,3,2
cv/index.html,114,html,98e44f36,JayManjrekar0827,2026-04-04,17:33:29,-07:00,2026-04-04T17:33:29-07:00,4,69
cv/index.html,115,html,98e44f36,JayManjrekar0827,2026-04-04,17:33:29,-07:00,2026-04-04T17:33:29-07:00,4,61
cv/index.html,116,html,98e44f36,JayManjrekar0827,2026-04-04,17:33:29,-07:00,2026-04-04T17:33:29-07:00,4,61
cv/index.html,117,html,98e44f36,JayManjrekar0827,2026-04-04,17:33:29,-07:00,2026-04-04T17:33:29-07:00,3,3
cv/index.html,118,html,71cd646,JayManjrekar0827,2026-04-04,17:27:50,-07:00,2026-04-04T17:27:50-07:00,2,8
cv/index.html,119,html,71cd646,JayManjrekar0827,2026-04-04,17:27:50,-07:00,2026-04-04T17:27:50-07:00,1,8
cv/index.html,120,html,88b8e625,JayManjrekar0827,2026-04-04,21:58:26,-07:00,2026-04-04T21:58:26-07:00,1,5
cv/index.html,121,html,0b8878e8,JayManjrekar0827,2026-04-17,22:50:46,-07:00,2026-04-17T22:50:46-07:00,1,48
cv/index.html,122,html,71cd646,JayManjrekar0827,2026-04-04,17:27:50,-07:00,2026-04-04T17:27:50-07:00,0,5
cv/index.html,123,html,71cd646,JayManjrekar0827,2026-04-04,17:27:50,-07:00,2026-04-04T17:27:50-07:00,0,5
contact/index.html,1,html,71cd646,JayManjrekar0827,2026-04-04,17:27:50,-07:00,2026-04-04T17:27:50-07:00,0,13
contact/index.html,2,html,71cd646,JayManjrekar0827,2026-04-04,17:27:50,-07:00,2026-04-04T17:27:50-07:00,0,14
contact/index.html,3,html,71cd646,JayManjrekar0827,2026-04-04,17:27:50,-07:00,2026-04-04T17:27:50-07:00,0,4
contact/index.html,4,html,71cd646,JayManjrekar0827,2026-04-04,17:27:50,-07:00,2026-04-04T17:27:50-07:00,1,20
contact/index.html,5,html,71cd646,JayManjrekar0827,2026-04-04,17:27:50,-07:00,2026-04-04T17:27:50-07:00,1,68
contact/index.html,6,html,98e44f36,JayManjrekar0827,2026-04-04,17:33:29,-07:00,2026-04-04T17:33:29-07:00,1,36
contact/index.html,7,html,71cd646,JayManjrekar0827,2026-04-04,17:27:50,-07:00,2026-04-04T17:27:50-07:00,1,41
contact/index.html,8,html,71cd646,JayManjrekar0827,2026-04-04,17:27:50,-07:00,2026-04-04T17:27:50-07:00,0,5
contact/index.html,9,html,71cd646,JayManjrekar0827,2026-04-04,17:27:50,-07:00,2026-04-04T17:27:50-07:00,0,4
contact/index.html,10,html,88b8e625,JayManjrekar0827,2026-04-04,21:58:26,-07:00,2026-04-04T21:58:26-07:00,1,17
contact/index.html,11,html,88b8e625,JayManjrekar0827,2026-04-04,21:58:26,-07:00,2026-04-04T21:58:26-07:00,2,14
contact/index.html,12,html,71cd646,JayManjrekar0827,2026-04-04,17:27:50,-07:00,2026-04-04T17:27:50-07:00,0,0
contact/index.html,13,html,31c3b8ca,JayManjrekar0827,2026-04-11,20:45:34,-07:00,2026-04-11T20:45:34-07:00,2,99
contact/index.html,14,html,71cd646,JayManjrekar0827,2026-04-04,17:27:50,-07:00,2026-04-04T17:27:50-07:00,3,5
contact/index.html,15,html,31c3b8ca,JayManjrekar0827,2026-04-11,20:45:34,-07:00,2026-04-11T20:45:34-07:00,4,16
contact/index.html,16,html,71cd646,JayManjrekar0827,2026-04-04,17:27:50,-07:00,2026-04-04T17:27:50-07:00,4,59
contact/index.html,17,html,71cd646,JayManjrekar0827,2026-04-04,17:27:50,-07:00,2026-04-04T17:27:50-07:00,3,6
contact/index.html,18,html,71cd646,JayManjrekar0827,2026-04-04,17:27:50,-07:00,2026-04-04T17:27:50-07:00,3,5
contact/index.html,19,html,31c3b8ca,JayManjrekar0827,2026-04-11,20:45:34,-07:00,2026-04-11T20:45:34-07:00,4,18
contact/index.html,20,html,71cd646,JayManjrekar0827,2026-04-04,17:27:50,-07:00,2026-04-04T17:27:50-07:00,4,59
contact/index.html,21,html,71cd646,JayManjrekar0827,2026-04-04,17:27:50,-07:00,2026-04-04T17:27:50-07:00,3,6
contact/index.html,22,html,71cd646,JayManjrekar0827,2026-04-04,17:27:50,-07:00,2026-04-04T17:27:50-07:00,3,5
contact/index.html,23,html,31c3b8ca,JayManjrekar0827,2026-04-11,20:45:34,-07:00,2026-04-11T20:45:34-07:00,4,18
contact/index.html,24,html,71cd646,JayManjrekar0827,2026-04-04,17:27:50,-07:00,2026-04-04T17:27:50-07:00,4,119
contact/index.html,25,html,71cd646,JayManjrekar0827,2026-04-04,17:27:50,-07:00,2026-04-04T17:27:50-07:00,3,6
contact/index.html,26,html,31c3b8ca,JayManjrekar0827,2026-04-11,20:45:34,-07:00,2026-04-11T20:45:34-07:00,3,19
contact/index.html,27,html,88b8e625,JayManjrekar0827,2026-04-04,21:58:26,-07:00,2026-04-04T21:58:26-07:00,2,5
contact/index.html,28,html,88b8e625,JayManjrekar0827,2026-04-04,21:58:26,-07:00,2026-04-04T21:58:26-07:00,1,5
contact/index.html,29,html,0b8878e8,JayManjrekar0827,2026-04-17,22:50:46,-07:00,2026-04-17T22:50:46-07:00,1,48
contact/index.html,30,html,71cd646,JayManjrekar0827,2026-04-04,17:27:50,-07:00,2026-04-04T17:27:50-07:00,0,5
contact/index.html,31,html,71cd646,JayManjrekar0827,2026-04-04,17:27:50,-07:00,2026-04-04T17:27:50-07:00,0,5
